EVI.1,EVI.2,EVI.3,EVI.4,EVI.5,EVI.6,EVI.7,EVI.8,EVI.9,EVI.10,EVI.11,EVI.12,EVI.13,EVI.14,EVI.15,EVI.16,EVI.17,EVI.18,EVI.19,EVI.20,EVI.21,EVI.22,EVI.23,mean,max,min,staD,median,sum,longitude,latitude,ano_safra
0.1721625,0.1570875,0.1460875,0.150675,0.1604,0.1737625,0.211275,0.252425,0.2880875,0.3252875,0.339325,0.3748,0.4372125,0.50365,0.575625,0.5764125,0.5130125,0.4367375,0.3527375,0.3012375,0.2846375,0.2607,0.228175,0.3139788043,0.5764125,0.1460875,0.137874889,0.2880875,7.2215125,-52.450623,-12.333068,2009_2010
0.1520125,0.1404,0.1394875,0.1463,0.15055,0.1657875,0.2016,0.251425,0.292475,0.3116125,0.303825,0.318925,0.4004,0.50615,0.5991375,0.6484,0.5993125,0.483575,0.379025,0.2841375,0.231525,0.2254,0.2198625,0.3109271739,0.6484,0.1394875,0.1590987265,0.2841375,7.151325,-52.448377,-12.333068,2009_2010
0.1965375,0.18155,0.17835,0.192625,0.202975,0.2097625,0.236125,0.2665875,0.2842625,0.2931125,0.287,0.3125,0.412625,0.527125,0.6117375,0.635525,0.5565,0.4407375,0.3503,0.28245,0.2624875,0.2710625,0.2800625,0.3248695652,0.635525,0.17835,0.1390418422,0.28245,7.472,-52.446132,-12.333068,2009_2010
0.412425,0.4314625,0.4574625,0.43235,0.4067125,0.419075,0.4105375,0.4353625,0.45325,0.404325,0.36585,0.357225,0.378875,0.4488625,0.52555,0.5232375,0.4892875,0.464975,0.434975,0.436775,0.4506,0.4522,0.4538,0.4367467391,0.52555,0.357225,0.041989906,0.4353625,10.045175,-52.443888,-12.333068,2009_2010
0.440875,0.4575875,0.4564125,0.4205625,0.4134625,0.3952375,0.37145,0.40265,0.4412875,0.4430875,0.42625,0.4071125,0.390675,0.4196375,0.4911375,0.519275,0.488175,0.457975,0.4369125,0.4207,0.4299875,0.4540875,0.4852,0.4378146739,0.519275,0.37145,0.0357047084,0.4369125,10.0697375,-52.441643,-12.333068,2009_2010
0.3943375,0.4109,0.387575,0.3564375,0.3386125,0.3380375,0.3574375,0.370275,0.397075,0.4188625,0.4356,0.4645,0.479875,0.4926125,0.5181875,0.4972625,0.4387,0.38545,0.3340875,0.3286375,0.3539625,0.372225,0.374425,0.4019597826,0.5181875,0.3286375,0.0569235116,0.387575,9.245075,-52.439397,-12.333068,2009_2010
0.50545,0.508,0.52715,0.522075,0.502775,0.494775,0.5084125,0.538875,0.557875,0.56585,0.5362,0.5224,0.52485,0.521725,0.542025,0.5172625,0.472375,0.452025,0.4353125,0.4524875,0.4959875,0.5349875,0.5567125,0.5128516304,0.56585,0.4353125,0.0342126383,0.521725,11.7955875,-52.437153,-12.333068,2009_2010
0.536525,0.5625875,0.593525,0.6029875,0.5957375,0.6036625,0.6297625,0.6596125,0.6765625,0.648075,0.588225,0.554875,0.5373,0.5204875,0.521025,0.5169,0.5154125,0.5363875,0.5472,0.5439875,0.5558875,0.5655625,0.5779,0.573486413,0.6765625,0.5154125,0.0468428564,0.5625875,13.1901875,-52.434908,-12.333068,2009_2010
0.5123625,0.5246875,0.53665,0.546575,0.5509625,0.574375,0.5858125,0.580625,0.5859,0.565,0.541525,0.5463375,0.538675,0.516675,0.5142125,0.51415,0.5120875,0.5231875,0.5288875,0.516575,0.5195125,0.5425,0.5592,0.5407163043,0.5859,0.5120875,0.0245633606,0.538675,12.436475,-52.432662,-12.333068,2009_2010
0.486475,0.5034375,0.5009375,0.4926625,0.480525,0.483775,0.4949,0.5152875,0.5203625,0.48335,0.459225,0.446875,0.4511875,0.4758125,0.4857125,0.4818875,0.488975,0.497775,0.495125,0.5016625,0.5021125,0.500225,0.5131875,0.4896293478,0.5203625,0.446875,0.0186914041,0.4926625,11.261475,-52.430417,-12.333068,2009_2010
0.34875,0.34465,0.33335,0.3351375,0.3195625,0.306475,0.31945,0.3376875,0.369725,0.36995,0.340625,0.328075,0.3444,0.3953625,0.4601375,0.4653375,0.4318375,0.3993875,0.3705625,0.3834875,0.4014,0.422075,0.4327875,0.3721831522,0.4653375,0.306475,0.0463999471,0.369725,8.5602125,-52.428173,-12.333068,2009_2010
0.2577375,0.2680625,0.2654375,0.27905,0.2790375,0.2578125,0.2552125,0.2419,0.22435,0.225375,0.222675,0.2476875,0.319175,0.4087125,0.4915,0.490425,0.426825,0.361825,0.3153125,0.33075,0.3741625,0.40155,0.396775,0.3191891304,0.4915,0.222675,0.0839273555,0.27905,7.34135,-52.425928,-12.333068,2009_2010
0.2522,0.2338375,0.2225,0.2137125,0.212025,0.2321,0.25225,0.2635125,0.2630125,0.2369,0.2140625,0.2394125,0.3165,0.4122625,0.5003,0.50385,0.4309875,0.3533375,0.294375,0.302375,0.3473,0.3786625,0.38085,0.3067967391,0.50385,0.212025,0.0906969284,0.2635125,7.056325,-52.423682,-12.333068,2009_2010
0.1920375,0.1860625,0.17875,0.17995,0.189175,0.205575,0.231875,0.2605125,0.302375,0.348325,0.39435,0.466675,0.504,0.49325,0.4673625,0.41045,0.3719875,0.3738125,0.376225,0.360025,0.3242625,0.2818,0.244225,0.319263587,0.504,0.17875,0.1076365261,0.3242625,7.3430625,-52.452868,-12.335313,2009_2010
0.1862625,0.18045,0.173225,0.1755625,0.186,0.2000125,0.2238125,0.2515375,0.2926,0.3364,0.3804625,0.442075,0.4674125,0.471225,0.4806125,0.46155,0.443925,0.4316875,0.39025,0.3392625,0.29595,0.2621375,0.2423375,0.3180326087,0.4806125,0.173225,0.1126284411,0.29595,7.31475,-52.450623,-12.335313,2009_2010
0.1572875,0.1430625,0.13415,0.1405375,0.1493,0.1653375,0.1965,0.2369,0.2815,0.3065125,0.3072125,0.330925,0.4064,0.47655,0.539925,0.5953875,0.5566625,0.4877125,0.4301875,0.3245875,0.2551375,0.237225,0.2130375,0.3074798913,0.5953875,0.13415,0.1466388141,0.2815,7.0720375,-52.448377,-12.335313,2009_2010
0.2115625,0.2154375,0.209,0.19445,0.18755,0.1936875,0.21495,0.249225,0.2775875,0.287575,0.2830625,0.309425,0.373825,0.45625,0.5427375,0.55745,0.503225,0.4134125,0.321575,0.26205,0.23755,0.2401375,0.237275,0.3034347826,0.55745,0.18755,0.1151020183,0.26205,6.979,-52.446132,-12.335313,2009_2010
0.2402375,0.24005,0.2410875,0.2324875,0.21895,0.2159125,0.234975,0.25915,0.2841,0.3016125,0.2929375,0.3106125,0.3626875,0.4145625,0.468775,0.4581,0.3895625,0.3245375,0.258775,0.2306375,0.2344,0.234625,0.237175,0.2906934783,0.468775,0.2159125,0.0772687559,0.258775,6.68595,-52.443888,-12.335313,2009_2010
0.277275,0.2843875,0.2918625,0.2869125,0.2580375,0.24685,0.2554375,0.2755375,0.3171375,0.3474125,0.3531125,0.3691,0.4060625,0.444825,0.4806375,0.4614375,0.3944375,0.33815,0.2865125,0.2636,0.2612375,0.2489125,0.232875,0.3209456522,0.4806375,0.232875,0.0737406308,0.2869125,7.38175,-52.441643,-12.335313,2009_2010
0.3820375,0.4136625,0.4273375,0.40605,0.3732875,0.33985,0.334425,0.3676375,0.41045,0.4165125,0.4061875,0.396075,0.3951375,0.419325,0.4514875,0.4552875,0.4232375,0.399025,0.38065,0.3706375,0.3799125,0.388,0.3929625,0.3969206522,0.4552875,0.334425,0.0299006118,0.396075,9.129175,-52.439397,-12.335313,2009_2010
0.530925,0.5530375,0.5555375,0.52275,0.4912375,0.4965875,0.5239,0.5986625,0.65595,0.6537625,0.6174125,0.5722375,0.5347375,0.5111125,0.5113125,0.489375,0.46765,0.474425,0.4733125,0.4729375,0.4828375,0.51825,0.5514,0.5330152174,0.65595,0.46765,0.0554519499,0.52275,12.25935,-52.437153,-12.335313,2009_2010
0.5433625,0.5598375,0.5826375,0.596575,0.60185,0.6186875,0.612675,0.60845,0.6284125,0.6074125,0.5826875,0.5833,0.555425,0.52445,0.5226125,0.5208625,0.51895,0.5351375,0.541875,0.5343625,0.5404375,0.5479125,0.56205,0.5665201087,0.6284125,0.51895,0.0353483486,0.5598375,13.0299625,-52.434908,-12.335313,2009_2010
0.5085,0.5256625,0.5457375,0.5625875,0.5814,0.6039625,0.604125,0.5974625,0.6057875,0.590175,0.573225,0.578475,0.5553,0.524325,0.5231125,0.5215125,0.5248625,0.5445875,0.5568,0.547125,0.5422125,0.555025,0.563975,0.5580842391,0.6057875,0.5085,0.0296673181,0.5553,12.8359375,-52.432662,-12.335313,2009_2010
0.4914125,0.503175,0.52575,0.551975,0.5685375,0.5926375,0.5968125,0.5902625,0.5791625,0.5505125,0.53885,0.5495875,0.5599,0.5499375,0.5461,0.5384375,0.526825,0.5383625,0.5437625,0.53135,0.5284,0.5365,0.541625,0.546951087,0.5968125,0.4914125,0.0260921634,0.5437625,12.579875,-52.430417,-12.335313,2009_2010
0.4719625,0.488925,0.506,0.523575,0.5284875,0.5312375,0.5327,0.5304125,0.51715,0.5019875,0.5029625,0.5046375,0.5051125,0.501675,0.4912375,0.4874125,0.4833875,0.479075,0.476875,0.4710125,0.485075,0.515325,0.53375,0.5030423913,0.53375,0.4710125,0.020612492,0.5029625,11.569975,-52.428173,-12.335313,2009_2010
0.4410125,0.470575,0.4855125,0.5040375,0.5107125,0.4864875,0.47915,0.4599875,0.42995,0.436875,0.44155,0.4605625,0.49285,0.5012625,0.506025,0.5111125,0.5037375,0.4914375,0.476725,0.4672375,0.4788,0.4910625,0.4955,0.4792244565,0.5111125,0.42995,0.0245923418,0.4855125,11.0221625,-52.425928,-12.335313,2009_2010
0.3574375,0.3435,0.3468875,0.352175,0.375675,0.3949875,0.3972125,0.3775125,0.3326,0.2889375,0.272025,0.3008875,0.3712875,0.4504875,0.5007125,0.5015375,0.4675125,0.428025,0.3912875,0.386725,0.4178125,0.4454125,0.4561625,0.389426087,0.5015375,0.272025,0.0627783873,0.386725,8.9568,-52.423682,-12.335313,2009_2010
0.207225,0.2298375,0.234075,0.2291875,0.19975,0.1736875,0.17865,0.1941625,0.2491,0.3229375,0.3633,0.4002,0.389775,0.3411625,0.3266375,0.32425,0.3460125,0.373275,0.3724125,0.3545625,0.3156375,0.2861375,0.2797,0.2909423913,0.4002,0.1736875,0.0731458903,0.3156375,6.691675,-52.457358,-12.337558,2009_2010
0.1468625,0.146425,0.1473875,0.1582,0.1714375,0.1829875,0.2031625,0.2337,0.256675,0.2959125,0.347525,0.386475,0.446775,0.491575,0.4935,0.46055,0.38715,0.3147125,0.2634125,0.249575,0.2520875,0.247925,0.2424125,0.2837576087,0.4935,0.146425,0.1131108183,0.2520875,6.526425,-52.455112,-12.337558,2009_2010
0.185625,0.173675,0.1730875,0.173175,0.1787625,0.1923875,0.1984,0.2166625,0.2585625,0.3008,0.36255,0.432075,0.4739,0.4934125,0.4836375,0.4493,0.4193625,0.3981375,0.37805,0.35435,0.3183,0.2830625,0.2559875,0.311011413,0.4934125,0.1730875,0.1136599239,0.3008,7.1532625,-52.452868,-12.337558,2009_2010
0.19815,0.189375,0.187725,0.19155,0.19875,0.2086625,0.2144625,0.223825,0.2659625,0.3319125,0.4081375,0.478275,0.5022625,0.4707375,0.425375,0.3914375,0.3705125,0.3697875,0.3708625,0.3494375,0.314725,0.2866625,0.2585625,0.3133543478,0.5022625,0.187725,0.1030894188,0.314725,7.20715,-52.450623,-12.337558,2009_2010
0.1942875,0.170825,0.1628,0.16595,0.182525,0.2106875,0.246625,0.2738,0.318025,0.3561,0.3642375,0.39625,0.4155125,0.4277375,0.4740625,0.4833375,0.4539,0.4177375,0.3575125,0.2993625,0.2734625,0.2545625,0.2368375,0.3102668478,0.4833375,0.1628,0.1056558211,0.2993625,7.1361375,-52.448377,-12.337558,2009_2010
0.1805875,0.143325,0.1429375,0.152675,0.165225,0.1871,0.2188375,0.262775,0.3079875,0.3381,0.3527625,0.3779625,0.396875,0.4153125,0.4516125,0.4799625,0.48815,0.44385,0.3873,0.32335,0.26175,0.2431875,0.2252625,0.302038587,0.48815,0.1429375,0.1142039783,0.3079875,6.9468875,-52.446132,-12.337558,2009_2010
0.1882125,0.14595,0.138625,0.1475875,0.1721625,0.206375,0.2394125,0.290275,0.3283125,0.331325,0.318425,0.3064125,0.3061375,0.3276125,0.37295,0.426425,0.4428375,0.4061125,0.3676875,0.321175,0.281175,0.27575,0.2546375,0.2867641304,0.4428375,0.138625,0.0890108816,0.3061375,6.595575,-52.443888,-12.337558,2009_2010
0.2594625,0.25265,0.2654875,0.2744375,0.2716375,0.2616125,0.2618,0.305725,0.3554375,0.367125,0.3536375,0.3324,0.3315875,0.3611625,0.402175,0.4508125,0.456825,0.4266375,0.4167125,0.3850625,0.3538125,0.3449375,0.321875,0.3396961957,0.456825,0.25265,0.0638063936,0.3449375,7.8130125,-52.441643,-12.337558,2009_2010
0.4880375,0.508875,0.5086,0.50825,0.4994,0.464375,0.4580625,0.4822375,0.4971875,0.49075,0.4881125,0.45105,0.4165875,0.42325,0.4260625,0.435825,0.4504375,0.45625,0.4717875,0.4758,0.48935,0.53005,0.5442125,0.4767195652,0.5442125,0.4165875,0.033729998,0.4822375,10.96455,-52.439397,-12.337558,2009_2010
0.5098,0.519975,0.5355,0.5529375,0.56655,0.5830625,0.5723375,0.5689625,0.605275,0.5976125,0.59065,0.6012625,0.5572125,0.524875,0.52465,0.5022875,0.497575,0.5315,0.548075,0.5491,0.5513125,0.561775,0.5845125,0.553773913,0.605275,0.497575,0.0318133626,0.5529375,12.7368,-52.437153,-12.337558,2009_2010
0.514525,0.5251125,0.5459875,0.5629375,0.559475,0.5699625,0.5637875,0.5564375,0.590525,0.5887125,0.5739,0.582925,0.55965,0.52685,0.5215,0.5147125,0.5095375,0.5200125,0.5223,0.5167375,0.5237375,0.5364375,0.5489625,0.5449880435,0.590525,0.5095375,0.0260863853,0.5459875,12.534725,-52.434908,-12.337558,2009_2010
0.4901375,0.51025,0.5303625,0.545525,0.54675,0.55525,0.5635375,0.5748625,0.611175,0.6114625,0.6097125,0.6246375,0.5963,0.5635,0.5394625,0.510525,0.5059125,0.525325,0.5330875,0.516775,0.508875,0.516875,0.529375,0.5486815217,0.6246375,0.4901375,0.0394143605,0.5394625,12.619675,-52.432662,-12.337558,2009_2010
0.4977875,0.5124625,0.5326875,0.5520375,0.5596875,0.57625,0.578025,0.5792375,0.6126375,0.61355,0.62105,0.6439375,0.61855,0.58645,0.56475,0.539925,0.533575,0.54265,0.5416,0.524075,0.5153125,0.5244,0.5371,0.5612059783,0.6439375,0.4977875,0.0400265107,0.5520375,12.9077375,-52.430417,-12.337558,2009_2010
0.4896,0.5051875,0.5248625,0.542725,0.5594625,0.5866125,0.602325,0.6111375,0.6331125,0.6238625,0.6211375,0.6401375,0.6222625,0.593875,0.572175,0.5482875,0.5393875,0.5449875,0.5425375,0.52005,0.5060625,0.5134625,0.527325,0.5639380435,0.6401375,0.4896,0.0466315209,0.5482875,12.970575,-52.428173,-12.337558,2009_2010
0.4941875,0.5016,0.5133,0.529425,0.5477,0.5809625,0.6031625,0.6121875,0.6286,0.6149,0.6121375,0.6334875,0.6223375,0.596275,0.5724375,0.5467125,0.53465,0.5405,0.5384875,0.5137625,0.49415,0.4919875,0.4959875,0.5573451087,0.6334875,0.4919875,0.0495101385,0.5467125,12.8189375,-52.425928,-12.337558,2009_2010
0.4933,0.508925,0.526225,0.5431,0.5571375,0.58095,0.59385,0.6006875,0.61865,0.6104625,0.6165875,0.6146,0.5756625,0.5496,0.5203375,0.516225,0.5312,0.53635,0.5347,0.51925,0.5130125,0.5168375,0.5228,0.5521934783,0.61865,0.4933,0.0401628211,0.53635,12.70045,-52.423682,-12.337558,2009_2010
0.129325,0.1298,0.1346375,0.137275,0.1377,0.1590875,0.19765,0.2271625,0.2826125,0.3158875,0.3074875,0.3319,0.3526375,0.3798,0.4101,0.39885,0.3661375,0.3244625,0.3036875,0.30575,0.3091875,0.3035375,0.283,0.2707684783,0.4101,0.129325,0.0934960373,0.3036875,6.227675,-52.457358,-12.339802,2009_2010
0.1342,0.1338,0.1363375,0.136625,0.1437,0.1570625,0.1834125,0.219325,0.2532,0.3033875,0.32415,0.3399875,0.3815,0.399775,0.4297,0.42475,0.365825,0.314,0.2699,0.2611125,0.2800375,0.2846,0.2723,0.2673342391,0.4297,0.1338,0.0978692612,0.2723,6.1486875,-52.455112,-12.339802,2009_2010
0.15775,0.142875,0.1410125,0.1380125,0.14345,0.1604375,0.1704875,0.19385,0.2198,0.251075,0.309525,0.364075,0.414075,0.4475125,0.4478875,0.4172125,0.3620375,0.312025,0.277025,0.2667875,0.277975,0.282025,0.2718875,0.2682086957,0.4478875,0.1380125,0.1035393306,0.2718875,6.1688,-52.452868,-12.339802,2009_2010
0.177575,0.1630375,0.1563625,0.1496,0.1527125,0.1701375,0.18465,0.2147875,0.2557,0.29,0.3406875,0.3769375,0.3875625,0.3983875,0.4018,0.4012375,0.39065,0.3650375,0.3363625,0.3095375,0.2925875,0.27685,0.2591,0.2804913043,0.4018,0.1496,0.0931983935,0.29,6.4513,-52.450623,-12.339802,2009_2010
0.1859875,0.155075,0.1506375,0.151125,0.1573625,0.1760375,0.2011625,0.236575,0.2760625,0.302525,0.3341625,0.3612625,0.3770375,0.4132125,0.452,0.4703875,0.4517625,0.3961625,0.3257125,0.264975,0.243175,0.23245,0.2111875,0.2837407609,0.4703875,0.1506375,0.1062014441,0.264975,6.5260375,-52.448377,-12.339802,2009_2010
0.1835,0.137875,0.13235,0.139875,0.1543125,0.1983,0.255275,0.3040625,0.3504375,0.361725,0.3561375,0.3420375,0.324225,0.34505,0.38325,0.4542875,0.4953,0.4398125,0.3707625,0.2942125,0.2331,0.2146375,0.1984125,0.2899538043,0.4953,0.13235,0.1075139411,0.3040625,6.6689375,-52.446132,-12.339802,2009_2010
0.196025,0.1519625,0.1459375,0.1503,0.17275,0.2265,0.2822125,0.3379375,0.3762125,0.35925,0.3266,0.2921375,0.2690625,0.2922375,0.341475,0.4226625,0.4662875,0.4273125,0.37715,0.3100875,0.255625,0.24805,0.2399875,0.2899027174,0.4662875,0.1459375,0.0919317941,0.2921375,6.6677625,-52.443888,-12.339802,2009_2010
0.2869,0.2886625,0.30275,0.3253625,0.3157,0.31575,0.356025,0.41615,0.4761375,0.47785,0.4217875,0.3591375,0.3274875,0.3468625,0.3889625,0.450575,0.4799375,0.4632375,0.450625,0.3989625,0.352075,0.3481,0.3499875,0.3782184783,0.4799375,0.2869,0.06428313,0.356025,8.699025,-52.441643,-12.339802,2009_2010
0.5734,0.5846375,0.556275,0.4913,0.4362375,0.407025,0.423225,0.509675,0.58235,0.585475,0.580725,0.5275625,0.46445,0.4492875,0.435475,0.446775,0.46175,0.4593875,0.478625,0.486425,0.5061875,0.5395125,0.547725,0.5014559783,0.585475,0.407025,0.0581023185,0.4913,11.5334875,-52.439397,-12.339802,2009_2010
0.4946875,0.508675,0.529475,0.559425,0.5899375,0.6182375,0.620225,0.62385,0.6536375,0.643375,0.63285,0.6007625,0.5280625,0.4922625,0.4846875,0.491175,0.51075,0.5320375,0.5479375,0.557075,0.568525,0.5847625,0.5850125,0.5633663043,0.6536375,0.4846875,0.0534880996,0.559425,12.957425,-52.437153,-12.339802,2009_2010
0.505925,0.5198375,0.541325,0.5609375,0.575175,0.602675,0.6025625,0.5988,0.6230625,0.6099375,0.5968375,0.6067625,0.57995,0.5439875,0.5356375,0.52655,0.520275,0.529975,0.5311,0.51955,0.5160875,0.52345,0.534425,0.5567315217,0.6230625,0.505925,0.0376949376,0.541325,12.804825,-52.434908,-12.339802,2009_2010
0.48865,0.506975,0.5269375,0.543725,0.5472125,0.5581125,0.5669875,0.5766125,0.6106625,0.6133875,0.6150125,0.6326625,0.6082625,0.5736125,0.5458625,0.5174125,0.5089,0.522275,0.52975,0.5140375,0.5054125,0.5129125,0.5233875,0.5499461957,0.6326625,0.48865,0.0422537292,0.543725,12.6487625,-52.432662,-12.339802,2009_2010
0.4894875,0.50485,0.5255875,0.54505,0.5531875,0.56975,0.5793625,0.5860875,0.61845,0.6217875,0.6239375,0.6427625,0.6177375,0.5835375,0.560025,0.533475,0.527375,0.5372125,0.536725,0.51925,0.5084375,0.5137875,0.5258,0.5575505435,0.6427625,0.4894875,0.044206651,0.54505,12.8236625,-52.430417,-12.339802,2009_2010
0.4899,0.50455,0.524675,0.542425,0.5577625,0.5839625,0.6003125,0.6099125,0.633925,0.6417125,0.6533875,0.6717875,0.65185,0.6068125,0.5688,0.542675,0.533275,0.539375,0.5386875,0.5179625,0.504175,0.509625,0.5208125,0.5673201087,0.6717875,0.4899,0.0555649655,0.542675,13.0483625,-52.428173,-12.339802,2009_2010
0.500025,0.507525,0.5182125,0.53285,0.550575,0.5835375,0.6053125,0.6150375,0.63665,0.64205,0.6526875,0.6718875,0.65285,0.6085625,0.572675,0.548025,0.537475,0.5421875,0.53925,0.516075,0.4990375,0.4984875,0.50235,0.5666663043,0.6718875,0.4984875,0.0574242969,0.548025,13.033325,-52.425928,-12.339802,2009_2010
0.4933,0.5084,0.52555,0.5430625,0.5579125,0.5840875,0.598325,0.6051375,0.628325,0.6384625,0.6571375,0.6588375,0.61785,0.5735625,0.5324125,0.5242125,0.535375,0.5378125,0.533175,0.51935,0.513875,0.518925,0.526725,0.5622527174,0.6588375,0.4933,0.0507011508,0.5378125,12.9318125,-52.423682,-12.339802,2009_2010
0.141425,0.1405375,0.147025,0.1503125,0.148725,0.1567875,0.2137,0.2739125,0.34275,0.4186,0.41895,0.42815,0.4178625,0.3735625,0.3424125,0.3027625,0.2890125,0.29025,0.2966875,0.2980625,0.2838625,0.2672125,0.2502625,0.277948913,0.42815,0.1405375,0.0973126949,0.2890125,6.392825,-52.457358,-12.342047,2009_2010
0.1520625,0.1489,0.1518125,0.152625,0.1549625,0.171625,0.2006375,0.2435375,0.2962875,0.3706875,0.4115125,0.4133625,0.4035,0.352525,0.32105,0.311525,0.3018625,0.300875,0.2963625,0.3016875,0.299775,0.2871625,0.267725,0.2744375,0.4133625,0.1489,0.0877791441,0.2963625,6.3120625,-52.455112,-12.342047,2009_2010
0.13915,0.128825,0.12935,0.13555,0.145275,0.16525,0.196925,0.2425,0.282825,0.3214625,0.33845,0.3407125,0.3656625,0.3993,0.4324125,0.4292125,0.38585,0.3308375,0.282925,0.280725,0.29285,0.2874,0.27185,0.2750130435,0.4324125,0.128825,0.0989228354,0.282925,6.3253,-52.452868,-12.342047,2009_2010
0.1545,0.1287,0.1242625,0.1263125,0.135075,0.160375,0.203275,0.2597875,0.30335,0.3320125,0.329625,0.3119875,0.3283,0.360575,0.41215,0.4280375,0.3885625,0.3332875,0.27145,0.2566375,0.2676375,0.2624875,0.2482125,0.266373913,0.4280375,0.1242625,0.0942696237,0.2676375,6.1266,-52.450623,-12.342047,2009_2010
0.1614,0.131175,0.126625,0.12895,0.1357875,0.1627,0.20195,0.25245,0.2989875,0.320925,0.3293,0.3325375,0.3356125,0.3628125,0.411375,0.4365875,0.4265,0.378825,0.3072625,0.2567625,0.2365875,0.2200875,0.19455,0.2673804348,0.4365875,0.126625,0.1010271818,0.2567625,6.14975,-52.448377,-12.342047,2009_2010
0.1760875,0.142775,0.1381375,0.1382875,0.138675,0.1612,0.2037,0.2614875,0.31735,0.3418125,0.3415625,0.3202875,0.327025,0.3762875,0.4301875,0.492375,0.48655,0.411375,0.3459625,0.28805,0.250625,0.2294875,0.1954875,0.283251087,0.492375,0.1381375,0.1117035874,0.28805,6.514775,-52.446132,-12.342047,2009_2010
0.21675,0.1677625,0.16065,0.1538,0.1768625,0.2175125,0.255975,0.3157,0.355475,0.3560625,0.3437125,0.31325,0.301375,0.332775,0.3782875,0.434775,0.4424125,0.38855,0.3402375,0.295975,0.26445,0.263,0.2579875,0.2927538043,0.4424125,0.1538,0.0842037346,0.301375,6.7333375,-52.443888,-12.342047,2009_2010
0.3294,0.3089625,0.3147875,0.333625,0.339175,0.3587125,0.3711375,0.394825,0.4320125,0.422875,0.3946625,0.3567375,0.3384375,0.3680375,0.4103875,0.4343,0.4221875,0.3970875,0.369975,0.361775,0.3708625,0.371625,0.3784,0.3730429348,0.4343,0.3089625,0.0363178442,0.3708625,8.5799875,-52.441643,-12.342047,2009_2010
0.5796625,0.6079875,0.5874375,0.5353375,0.4820625,0.44875,0.4589375,0.5407,0.6173625,0.629925,0.638725,0.5821875,0.503625,0.4763875,0.45185,0.4620625,0.487075,0.496125,0.514,0.5237125,0.530225,0.5469625,0.57475,0.5337326087,0.638725,0.44875,0.0594100327,0.530225,12.27585,-52.439397,-12.342047,2009_2010
0.4919125,0.5048,0.526025,0.5563,0.578675,0.6016125,0.606525,0.6252375,0.6723375,0.676125,0.6758875,0.6344875,0.5514625,0.5087125,0.4896125,0.4942125,0.5129125,0.5304625,0.542575,0.5447875,0.5621625,0.5874625,0.5925125,0.5681217391,0.676125,0.4896125,0.0596748985,0.5563,13.0668,-52.437153,-12.342047,2009_2010
0.4975625,0.5108,0.5318625,0.55075,0.5625,0.584325,0.5878625,0.5898125,0.61985,0.617575,0.6060875,0.5857375,0.530075,0.490775,0.48055,0.5002625,0.5255125,0.5401,0.5424375,0.5280375,0.5231625,0.528275,0.5379625,0.5466032609,0.61985,0.48055,0.0406470275,0.5379625,12.571875,-52.434908,-12.342047,2009_2010
0.4922125,0.5088875,0.5278375,0.544075,0.5479125,0.5601875,0.5808125,0.6011625,0.6351,0.6381375,0.6069625,0.5645875,0.5144125,0.4811,0.476825,0.4979875,0.5158875,0.525975,0.5289125,0.5139125,0.5082625,0.5159625,0.522825,0.5395625,0.6381375,0.476825,0.0459216887,0.525975,12.4099375,-52.432662,-12.342047,2009_2010
0.4958625,0.509,0.526725,0.5417125,0.5548625,0.5811,0.6018125,0.6201,0.6205375,0.598575,0.6047625,0.5958625,0.58105,0.5654875,0.5295875,0.5226625,0.5319375,0.539275,0.53805,0.517775,0.505425,0.50985,0.5201125,0.552701087,0.6205375,0.4958625,0.0396369684,0.539275,12.712125,-52.430417,-12.342047,2009_2010
0.4981375,0.508075,0.519625,0.5345375,0.5515875,0.5813875,0.6059375,0.6250625,0.628125,0.611175,0.6190875,0.6096,0.5881625,0.5642625,0.5270375,0.5210875,0.5308625,0.5391,0.538325,0.5189875,0.5075,0.5114125,0.5181375,0.554661413,0.628125,0.4981375,0.0436661989,0.538325,12.7572125,-52.428173,-12.342047,2009_2010
0.4881,0.5024375,0.5208875,0.5389375,0.5526375,0.5779125,0.592525,0.6056375,0.6077875,0.5909625,0.610225,0.60575,0.584925,0.5656375,0.5223375,0.5155625,0.5305875,0.5394875,0.539025,0.525125,0.5218875,0.5293375,0.5417625,0.5525858696,0.610225,0.4881,0.0370990404,0.5394875,12.709475,-52.425928,-12.342047,2009_2010
0.49925,0.5197,0.5394625,0.5537125,0.562875,0.5821375,0.5924625,0.6028875,0.60165,0.5846625,0.605475,0.6062625,0.5886375,0.566575,0.5218875,0.5121375,0.5241125,0.533425,0.5359375,0.5265375,0.530625,0.546025,0.563475,0.5565179348,0.6062625,0.49925,0.0335813921,0.5537125,12.7999125,-52.423682,-12.342047,2009_2010
0.1813375,0.175625,0.170425,0.167475,0.1566375,0.170875,0.1984625,0.221925,0.2916,0.363525,0.4063,0.455075,0.4357875,0.3697375,0.3165875,0.2652375,0.2450875,0.2501,0.257925,0.2636125,0.2694625,0.27285,0.2653375,0.2683038043,0.455075,0.1566375,0.0879403659,0.2636125,6.1709875,-52.457358,-12.344292,2009_2010
0.17695,0.1793375,0.1811625,0.1745875,0.17055,0.1914875,0.2080875,0.2380625,0.3066625,0.3814625,0.4319,0.4460125,0.431925,0.373725,0.3301875,0.3164875,0.2853,0.2739375,0.2790125,0.2841,0.2865,0.2785625,0.259225,0.2819663043,0.4460125,0.17055,0.0869172613,0.2790125,6.485225,-52.455112,-12.344292,2009_2010
0.1526625,0.1364125,0.1360375,0.1409125,0.149625,0.168125,0.1911375,0.2333625,0.28825,0.3430125,0.37635,0.384575,0.371675,0.3441125,0.3415875,0.3343,0.316075,0.3042,0.2835,0.278325,0.283,0.278725,0.261575,0.2651103261,0.384575,0.1360375,0.0845187369,0.283,6.0975375,-52.452868,-12.344292,2009_2010
0.1598,0.135325,0.13235,0.135,0.1401375,0.160875,0.198975,0.2498875,0.29925,0.3413875,0.3488875,0.3237125,0.3043875,0.2847125,0.3044,0.3332875,0.329975,0.312375,0.2733,0.256425,0.2500375,0.229,0.211325,0.2484701087,0.3488875,0.13235,0.0750066316,0.256425,5.7148125,-52.450623,-12.344292,2009_2010
0.1600875,0.132725,0.1279375,0.129175,0.13445,0.1580875,0.1982875,0.2502875,0.3007875,0.3272375,0.32015,0.2966375,0.2775,0.2941,0.3532625,0.39995,0.4069875,0.3638,0.2976625,0.2588125,0.23655,0.21435,0.18715,0.2533032609,0.4069875,0.1279375,0.0885221471,0.2588125,5.825975,-52.448377,-12.344292,2009_2010
0.14375,0.1344875,0.130525,0.132575,0.13685,0.1621875,0.2092,0.269,0.3311,0.3645375,0.3473125,0.3131625,0.3074625,0.3402375,0.400975,0.4737875,0.4809125,0.4112375,0.342225,0.2776875,0.2338,0.216025,0.18865,0.275986413,0.4809125,0.130525,0.1109766538,0.2776875,6.3476875,-52.446132,-12.344292,2009_2010
0.2041,0.1811875,0.17725,0.172625,0.19455,0.23025,0.270025,0.32945,0.3725125,0.3869375,0.3825875,0.35445,0.3358625,0.353425,0.38545,0.4364875,0.4535625,0.403975,0.35205,0.3060375,0.2650625,0.266325,0.2837875,0.3086065217,0.4535625,0.172625,0.0860972059,0.32945,7.09795,-52.443888,-12.344292,2009_2010
0.4321875,0.4471,0.4497375,0.456375,0.434375,0.4028,0.4292,0.4832375,0.5222625,0.5473875,0.4964125,0.42285,0.403225,0.41855,0.4512625,0.46365,0.430125,0.397575,0.39725,0.403125,0.421325,0.4383875,0.4284625,0.4424722826,0.5473875,0.39725,0.0390681089,0.4321875,10.1768625,-52.441643,-12.344292,2009_2010
0.48495,0.50095,0.5226,0.5538625,0.5799125,0.602,0.6153125,0.6348,0.6737,0.6786875,0.6689,0.6391,0.5936,0.569225,0.5543,0.5532,0.548525,0.551975,0.567275,0.5676375,0.5666375,0.57725,0.578675,0.5818728261,0.6786875,0.48495,0.0512516578,0.569225,13.383075,-52.439397,-12.344292,2009_2010
0.4901875,0.507225,0.5317125,0.551525,0.5644125,0.5874,0.5996375,0.6102625,0.6398,0.636,0.60125,0.5701625,0.52645,0.48945,0.4967375,0.5190625,0.53115,0.5438625,0.5438,0.528875,0.523475,0.5289125,0.5398125,0.5504853261,0.6398,0.48945,0.0437338564,0.5398125,12.6611625,-52.437153,-12.344292,2009_2010
0.4873125,0.5063125,0.528625,0.54895,0.5552125,0.5689625,0.5891625,0.6074125,0.6395875,0.6408125,0.5953125,0.5404625,0.4899875,0.4576,0.4692125,0.5042,0.5217375,0.5315625,0.533825,0.518475,0.5131375,0.521625,0.5318125,0.5391869565,0.6408125,0.4576,0.0490330251,0.5315625,12.4013,-52.434908,-12.344292,2009_2010
0.485075,0.5011125,0.524575,0.5464,0.5557,0.574525,0.5957375,0.6128875,0.6190125,0.5945375,0.545225,0.4864125,0.4605375,0.452075,0.467225,0.504375,0.521325,0.5313125,0.5305,0.514825,0.5069875,0.5114375,0.522225,0.5288706522,0.6190125,0.452075,0.0466677293,0.522225,12.164025,-52.432662,-12.344292,2009_2010
0.48995,0.5012625,0.5194375,0.5375,0.5530375,0.5780875,0.5972375,0.6088,0.6057125,0.5884625,0.596275,0.59395,0.5843375,0.5676125,0.531875,0.521675,0.5273125,0.532225,0.5289375,0.5116375,0.5008375,0.50595,0.517425,0.5478059783,0.6088,0.48995,0.0386644543,0.532225,12.5995375,-52.430417,-12.344292,2009_2010
0.492525,0.503075,0.5174625,0.5344375,0.552225,0.582275,0.604625,0.615275,0.6101125,0.591,0.5980875,0.59565,0.5828625,0.5612375,0.524325,0.5180125,0.5292,0.540325,0.5413875,0.5241875,0.5147,0.5192625,0.5273125,0.5512853261,0.615275,0.492525,0.0379061898,0.540325,12.6795625,-52.428173,-12.344292,2009_2010
0.497425,0.5110875,0.5284875,0.5457,0.5588625,0.5823875,0.5986875,0.60885,0.6038625,0.5847625,0.59845,0.5971375,0.5838,0.5663625,0.525475,0.518525,0.5339125,0.545575,0.5502875,0.5405375,0.5388625,0.5483,0.5595125,0.5576891304,0.60885,0.497425,0.0320707727,0.5502875,12.82685,-52.425928,-12.344292,2009_2010
0.5051375,0.5230375,0.5430125,0.5573875,0.5639375,0.5809875,0.5855375,0.590875,0.5909375,0.5758625,0.60105,0.6041875,0.584225,0.573625,0.5427,0.5389,0.5587625,0.5591,0.5520625,0.542925,0.5432625,0.557425,0.571175,0.5628744565,0.6041875,0.5051375,0.024931565,0.5591,12.9461125,-52.423682,-12.344292,2009_2010
0.2353125,0.226025,0.2277625,0.2208125,0.205275,0.2085375,0.2127625,0.2191125,0.2810375,0.3494,0.391175,0.447425,0.442775,0.3841875,0.3385375,0.2881125,0.254275,0.2527375,0.259,0.260575,0.2678375,0.269975,0.2571125,0.2825983696,0.447425,0.205275,0.0735320086,0.259,6.4997625,-52.457358,-12.346538,2009_2010
0.210475,0.2136875,0.2192125,0.211475,0.1969625,0.2005875,0.2070875,0.23515,0.3046125,0.3782875,0.4406375,0.4639625,0.4315875,0.3636,0.3056,0.28045,0.271075,0.272575,0.2714625,0.2734375,0.2703875,0.2557375,0.2428,0.2835152174,0.4639625,0.1969625,0.0799769141,0.271075,6.52085,-52.455112,-12.346538,2009_2010
0.1720625,0.1551875,0.1497125,0.158525,0.1665875,0.1887625,0.2151875,0.24775,0.3042875,0.3561875,0.385375,0.3912875,0.3679375,0.3371875,0.3303625,0.3238125,0.30785,0.2885,0.2704375,0.27545,0.27305,0.2564875,0.230025,0.2674788043,0.3912875,0.1497125,0.0772193828,0.27305,6.1520125,-52.452868,-12.346538,2009_2010
0.16125,0.1449,0.141475,0.1397125,0.140825,0.1621875,0.183325,0.2256875,0.29595,0.3500375,0.373625,0.3517625,0.3114,0.2840375,0.296725,0.3225125,0.3172625,0.297725,0.2749625,0.2765875,0.2724875,0.2457375,0.212425,0.2514173913,0.373625,0.1397125,0.0761814138,0.2749625,5.7826,-52.450623,-12.346538,2009_2010
0.1482875,0.1346625,0.1321125,0.13675,0.141025,0.1773875,0.2332875,0.293175,0.355075,0.380275,0.35445,0.3220125,0.3177625,0.341625,0.3866,0.443275,0.4405625,0.3777875,0.3195,0.264425,0.229925,0.2147875,0.1927125,0.2755418478,0.443275,0.1321125,0.1023306306,0.293175,6.3374625,-52.448377,-12.346538,2009_2010
0.2375125,0.221425,0.212625,0.2081375,0.2146,0.2373625,0.2713,0.311725,0.3583125,0.3769,0.372575,0.3565125,0.3448125,0.3669375,0.4032125,0.4463625,0.455475,0.4083625,0.354675,0.3163625,0.2898375,0.3025125,0.327,0.3215016304,0.455475,0.2081375,0.0750893928,0.327,7.3945375,-52.446132,-12.346538,2009_2010
0.4406,0.434975,0.422875,0.4480125,0.4597625,0.4588125,0.438675,0.4303875,0.440425,0.437225,0.4336125,0.418425,0.4068875,0.4290125,0.454275,0.4666625,0.4574625,0.447425,0.4542125,0.4604625,0.4738625,0.490025,0.49945,0.4479793478,0.49945,0.4068875,0.0219167111,0.447425,10.303525,-52.443888,-12.346538,2009_2010
0.5657,0.591675,0.5996,0.57895,0.55805,0.5472125,0.5528875,0.59235,0.64765,0.66975,0.691025,0.6720125,0.617975,0.58425,0.5410875,0.5149375,0.503075,0.497575,0.494675,0.503125,0.5194625,0.5240875,0.544675,0.5700777174,0.691025,0.494675,0.0585733116,0.55805,13.1117875,-52.441643,-12.346538,2009_2010
0.48575,0.5133875,0.5374,0.56275,0.5668875,0.57115,0.58255,0.610025,0.6605625,0.682825,0.6835875,0.65165,0.6072125,0.575925,0.5554375,0.557,0.547675,0.5404,0.5423375,0.5336,0.5340375,0.545725,0.5524875,0.5739288043,0.6835875,0.48575,0.0525654107,0.557,13.2003625,-52.439397,-12.346538,2009_2010
0.473125,0.496175,0.5273375,0.5542375,0.5672125,0.5843625,0.5954375,0.6045125,0.6377875,0.639625,0.620425,0.603475,0.5595875,0.5227125,0.5138625,0.5207875,0.531825,0.5425375,0.540775,0.5239875,0.5154375,0.52085,0.534525,0.5535043478,0.639625,0.473125,0.0455048027,0.540775,12.7306,-52.437153,-12.346538,2009_2010
0.477425,0.4999625,0.5296,0.557225,0.5685125,0.5826875,0.6053125,0.625375,0.6569875,0.6593375,0.6218625,0.586625,0.5470375,0.51245,0.5094125,0.5213875,0.5306,0.5410625,0.5411,0.5213375,0.5111,0.5196,0.532325,0.5547097826,0.6593375,0.477425,0.0503529769,0.5410625,12.758325,-52.434908,-12.346538,2009_2010
0.48265,0.50295,0.5304375,0.55705,0.5677,0.583025,0.6081875,0.629225,0.634075,0.6080125,0.5629875,0.5214,0.5099375,0.5047125,0.5091875,0.525775,0.5309375,0.5389375,0.538175,0.52085,0.513325,0.522325,0.536975,0.5451668478,0.634075,0.48265,0.04199365,0.5309375,12.5388375,-52.432662,-12.346538,2009_2010
0.4892125,0.5039625,0.524475,0.5436625,0.5597125,0.5830625,0.6009375,0.6162875,0.61605,0.5977625,0.6054875,0.596325,0.57815,0.5603,0.525525,0.5174125,0.524675,0.531825,0.530475,0.5155,0.5109875,0.5195625,0.532675,0.5514793478,0.6162875,0.4892125,0.039515241,0.532675,12.684025,-52.430417,-12.346538,2009_2010
0.488875,0.4995625,0.516175,0.5352,0.5520125,0.5811,0.6029,0.6187125,0.6198375,0.6007375,0.6074125,0.59825,0.5784125,0.557175,0.5200875,0.51435,0.525275,0.534575,0.5366625,0.52275,0.5189125,0.52895,0.5398125,0.5520755435,0.6198375,0.488875,0.0401240469,0.5366625,12.6977375,-52.428173,-12.346538,2009_2010
0.5055125,0.5203125,0.536125,0.549925,0.5591125,0.5819875,0.6,0.604475,0.5928,0.5707375,0.5807375,0.5756375,0.5600375,0.5423,0.50185,0.5057875,0.5311875,0.5433375,0.5494375,0.5424625,0.5459,0.5600875,0.5731375,0.5536038043,0.604475,0.50185,0.0291816948,0.549925,12.7328875,-52.425928,-12.346538,2009_2010
0.5103875,0.5261,0.5429625,0.551625,0.5551375,0.5716625,0.5738375,0.580575,0.5829125,0.569,0.596425,0.5906875,0.561775,0.550175,0.5182,0.522375,0.5486,0.551,0.5470375,0.541625,0.5458375,0.5601125,0.57345,0.5552826087,0.596425,0.5103875,0.0228322156,0.551625,12.7715,-52.423682,-12.346538,2009_2010
0.210975,0.2051,0.2083125,0.1981125,0.19075,0.194175,0.1919625,0.2007125,0.2296125,0.2652,0.2951,0.3056,0.2920875,0.2629125,0.244875,0.242425,0.24695,0.253875,0.260725,0.2644125,0.25295,0.2368875,0.21585,0.2378070652,0.3056,0.19075,0.0346817284,0.242425,5.4695625,-52.457358,-12.348783,2009_2010
0.179575,0.1459125,0.1385875,0.146575,0.1612,0.1792625,0.1898,0.20355,0.232525,0.26365,0.2898625,0.2994,0.282175,0.2680125,0.2692375,0.2679125,0.2661125,0.2570375,0.2525625,0.2675125,0.264475,0.240725,0.2064125,0.2292206522,0.2994,0.1385875,0.0509156085,0.2525625,5.272075,-52.455112,-12.348783,2009_2010
0.17685,0.13945,0.1311875,0.1407875,0.1562,0.1718375,0.1815125,0.19765,0.2412,0.286275,0.312975,0.3168,0.2829875,0.2588875,0.2612,0.2639125,0.2651125,0.2609,0.26525,0.284425,0.2819375,0.2512375,0.2092875,0.2320809783,0.3168,0.1311875,0.05812261,0.2588875,5.3378625,-52.452868,-12.348783,2009_2010
0.1711875,0.1301625,0.1211875,0.1333625,0.1517625,0.170575,0.1803375,0.211425,0.2707,0.31025,0.3347125,0.3247125,0.285775,0.288025,0.3091,0.3184875,0.312475,0.2894875,0.2827375,0.2888875,0.2796375,0.2469875,0.1964125,0.2438429348,0.3347125,0.1211875,0.0712640993,0.2796375,5.6083875,-52.450623,-12.348783,2009_2010
0.17365,0.1427125,0.13765,0.1485625,0.1579,0.1761375,0.2259875,0.292275,0.3482625,0.387725,0.3621125,0.31295,0.307825,0.332925,0.3791125,0.43265,0.425875,0.379725,0.34295,0.2965875,0.26675,0.244225,0.2089625,0.2818918478,0.43265,0.13765,0.095140193,0.2965875,6.4835125,-52.448377,-12.348783,2009_2010
0.2741875,0.2440125,0.2297625,0.2305375,0.256275,0.2792625,0.330775,0.374725,0.402875,0.4256875,0.4084125,0.3750125,0.370475,0.3924875,0.418125,0.4328125,0.4171875,0.380225,0.3421125,0.3407125,0.3429375,0.3462375,0.3695375,0.3471467391,0.4328125,0.2297625,0.0648769321,0.3695375,7.984375,-52.446132,-12.348783,2009_2010
0.464275,0.4672625,0.469775,0.4684125,0.4574375,0.4365375,0.3968375,0.4192625,0.4666,0.4683375,0.473325,0.4489875,0.43125,0.4532625,0.4835875,0.5129,0.5007375,0.4920625,0.4958125,0.4866375,0.5100375,0.5398,0.557175,0.4739266304,0.557175,0.3968375,0.036690115,0.4684125,10.9003125,-52.443888,-12.348783,2009_2010
0.5482125,0.5629875,0.5714375,0.57015,0.5642,0.5576375,0.56335,0.586475,0.6288875,0.6578125,0.660625,0.6363625,0.59825,0.5603625,0.5375375,0.5419875,0.5354125,0.52725,0.5240125,0.5114875,0.5065,0.5112625,0.52285,0.5645673913,0.660625,0.5065,0.0452981356,0.5603625,12.98505,-52.441643,-12.348783,2009_2010
0.491025,0.5102375,0.5290375,0.550525,0.554175,0.56175,0.576525,0.60505,0.6579375,0.6859,0.6926375,0.659575,0.610825,0.5759875,0.5488,0.556025,0.5544375,0.5449,0.5455,0.5298625,0.5198125,0.52825,0.533575,0.5705369565,0.6926375,0.491025,0.0558803795,0.554175,13.12235,-52.439397,-12.348783,2009_2010
0.4713375,0.4886125,0.511375,0.5323125,0.5431375,0.5619,0.5788125,0.5943125,0.629,0.6322875,0.622675,0.608575,0.5634375,0.52885,0.5122875,0.5175625,0.5322125,0.5408875,0.53855,0.5152625,0.5013625,0.505075,0.512775,0.5453304348,0.6322875,0.4713375,0.0460118199,0.5323125,12.5426,-52.437153,-12.348783,2009_2010
0.4765,0.4945,0.517325,0.538425,0.5459625,0.5616625,0.586675,0.6083375,0.6438125,0.64865,0.6319125,0.6124,0.5687875,0.5346,0.5159875,0.517225,0.531,0.5404875,0.5401875,0.5193875,0.5064875,0.51135,0.5195125,0.5509206522,0.64865,0.4765,0.0487684829,0.538425,12.671175,-52.434908,-12.348783,2009_2010
0.4845625,0.4985,0.5216,0.544525,0.5541625,0.574125,0.5985,0.607175,0.60385,0.5787,0.538775,0.5076375,0.5016,0.4928625,0.494675,0.516,0.5271,0.5384875,0.541,0.5235625,0.5142375,0.519825,0.5286375,0.5352217391,0.607175,0.4845625,0.0360045643,0.5271,12.3101,-52.432662,-12.348783,2009_2010
0.482075,0.496025,0.5158125,0.5324375,0.5480375,0.5761875,0.59805,0.6049125,0.595775,0.5632625,0.55295,0.5494125,0.540625,0.535425,0.5118375,0.5085125,0.5226,0.532675,0.535975,0.5206875,0.5112625,0.5159875,0.52605,0.5381119565,0.6049125,0.482075,0.0322375799,0.532675,12.376575,-52.430417,-12.348783,2009_2010
0.4843875,0.4987625,0.51715,0.53485,0.549175,0.572675,0.5902375,0.5960125,0.5864375,0.555025,0.548125,0.5457875,0.5381625,0.532575,0.5093125,0.507175,0.5196875,0.5306875,0.5347,0.5212875,0.5169125,0.526625,0.5390375,0.5371646739,0.5960125,0.4843875,0.0286989875,0.5347,12.3547875,-52.428173,-12.348783,2009_2010
0.503675,0.521,0.5385125,0.5512125,0.560375,0.577425,0.5914125,0.5969875,0.585325,0.5512875,0.5489625,0.5438625,0.527375,0.5217375,0.4938875,0.4966125,0.52145,0.5360375,0.5441875,0.5359625,0.5367375,0.5493875,0.56165,0.543263587,0.5969875,0.4938875,0.0278061022,0.5438625,12.4950625,-52.425928,-12.348783,2009_2010
0.507625,0.5237625,0.5405125,0.548325,0.5512875,0.5655625,0.5666,0.5708375,0.5698125,0.5390875,0.549775,0.5529375,0.531675,0.5381,0.5256,0.5178125,0.5334375,0.5357,0.5284375,0.5284375,0.538375,0.55075,0.564875,0.5425793478,0.5708375,0.507625,0.0173973902,0.5390875,12.479325,-52.423682,-12.348783,2009_2010
0.1989,0.1848375,0.19085,0.182925,0.1792,0.187325,0.194325,0.20925,0.2210375,0.2250625,0.23575,0.242475,0.24965,0.2580625,0.2547,0.2477875,0.239425,0.2317,0.23855,0.2661375,0.2758,0.2622875,0.2383,0.2267103261,0.2758,0.1792,0.029912796,0.23575,5.2143375,-52.457358,-12.351028,2009_2010
0.1984625,0.1511625,0.1345375,0.1471125,0.163525,0.18235,0.1948375,0.2060125,0.2137375,0.2345875,0.26575,0.276125,0.2787375,0.2663375,0.247225,0.240725,0.2345875,0.2314625,0.2389375,0.26495,0.2735,0.2528,0.220575,0.2225233696,0.2787375,0.1345375,0.0437103087,0.2345875,5.1180375,-52.455112,-12.351028,2009_2010
0.181975,0.1415,0.1299,0.144175,0.15945,0.175475,0.18675,0.1986125,0.208675,0.2177875,0.2347125,0.2408,0.2390625,0.2424125,0.244175,0.2467,0.2445375,0.24805,0.2574125,0.27855,0.2858,0.2546,0.2137,0.2162961957,0.2858,0.1299,0.044261766,0.2347125,4.9748125,-52.452868,-12.351028,2009_2010
0.178925,0.139475,0.1280875,0.1427375,0.1619125,0.1811125,0.1902625,0.199675,0.214525,0.2275125,0.2481625,0.254425,0.2389375,0.2408625,0.254425,0.26165,0.26905,0.2715375,0.271275,0.290025,0.2933375,0.2632,0.2233125,0.2236706522,0.2933375,0.1280875,0.0495852335,0.2389375,5.144425,-52.450623,-12.351028,2009_2010
0.213625,0.175,0.1631,0.17325,0.1839125,0.2003875,0.2451875,0.28935,0.3089875,0.3267625,0.3107625,0.2904125,0.2932875,0.3148625,0.3317125,0.3604125,0.3845375,0.3629125,0.3458625,0.324575,0.3114625,0.29975,0.2669375,0.2816108696,0.3845375,0.1631,0.066604134,0.29975,6.47705,-52.448377,-12.351028,2009_2010
0.2985,0.2857125,0.284775,0.3022375,0.3287,0.331975,0.3503125,0.3480875,0.328125,0.3527875,0.3757375,0.3699875,0.3891375,0.3971375,0.3898625,0.4036125,0.4040375,0.38685,0.379375,0.391475,0.3919875,0.381825,0.374725,0.358563587,0.4040375,0.284775,0.0383937071,0.374725,8.2469625,-52.446132,-12.351028,2009_2010
0.4829625,0.49905,0.513325,0.520225,0.51275,0.50715,0.482525,0.4772875,0.521575,0.5426375,0.5306875,0.5135125,0.465225,0.4254375,0.436375,0.4555625,0.4646875,0.4814625,0.50445,0.51855,0.5479625,0.5797,0.593325,0.5033228261,0.593325,0.4254375,0.0411067161,0.50715,11.576425,-52.443888,-12.351028,2009_2010
0.5268,0.541875,0.550025,0.5449125,0.5410125,0.5351375,0.5415125,0.55515,0.5876125,0.628775,0.6570875,0.6603625,0.6339875,0.5927625,0.5496,0.5380375,0.53165,0.523675,0.5227875,0.5104,0.509775,0.5187,0.5293625,0.5578695652,0.6603625,0.509775,0.0458563171,0.5415125,12.831,-52.441643,-12.351028,2009_2010
0.508025,0.5271375,0.537175,0.5495875,0.5524375,0.559625,0.5764875,0.5960125,0.6410375,0.67185,0.677375,0.653075,0.613175,0.5735625,0.544425,0.5403875,0.5289125,0.5237,0.525,0.5224375,0.529125,0.5366,0.540475,0.5664184783,0.677375,0.508025,0.050922178,0.544425,13.027625,-52.439397,-12.351028,2009_2010
0.48325,0.496225,0.5135,0.5293375,0.5370875,0.556225,0.5752875,0.5944125,0.634,0.6379375,0.628225,0.6141375,0.568625,0.53425,0.5164125,0.5163375,0.52715,0.537575,0.5379625,0.5192375,0.5071125,0.509375,0.5158125,0.5473684783,0.6379375,0.48325,0.0457606919,0.53425,12.589475,-52.437153,-12.351028,2009_2010
0.48065,0.4947125,0.513725,0.5323,0.5411375,0.55985,0.586875,0.6078875,0.6420625,0.646,0.628,0.609225,0.5670375,0.5328,0.5145875,0.517125,0.531275,0.5409,0.5411875,0.5217125,0.5092375,0.513575,0.5218125,0.5501597826,0.646,0.48065,0.047519953,0.5328,12.653675,-52.434908,-12.351028,2009_2010
0.4916875,0.5031,0.5206625,0.5382875,0.5458,0.5651375,0.5920125,0.6122875,0.618775,0.595125,0.5784875,0.5615,0.5469625,0.5379,0.5163375,0.518025,0.531625,0.5422125,0.5458125,0.5268125,0.5149625,0.5212875,0.5307625,0.5458940217,0.618775,0.4916875,0.0340444155,0.5382875,12.5555625,-52.432662,-12.351028,2009_2010
0.48435,0.49955,0.5181875,0.534525,0.5485375,0.5746375,0.5965875,0.6040625,0.59555,0.56435,0.55525,0.5517125,0.5411875,0.53265,0.508875,0.5103125,0.5287,0.540225,0.54335,0.5262625,0.5175625,0.525075,0.5364625,0.5407809783,0.6040625,0.48435,0.0307660238,0.5364625,12.4379625,-52.430417,-12.351028,2009_2010
0.4942625,0.51005,0.5276125,0.543725,0.5561625,0.58,0.5997625,0.605075,0.594075,0.5590875,0.5479,0.5443625,0.535425,0.528275,0.50455,0.5036,0.5193125,0.534075,0.5407375,0.5266625,0.5218,0.532525,0.5457875,0.5415141304,0.605075,0.4942625,0.0301082338,0.535425,12.454825,-52.428173,-12.351028,2009_2010
0.5027375,0.51855,0.5349,0.5468625,0.5551875,0.5753375,0.5929625,0.5893,0.56815,0.5325,0.5259125,0.5352625,0.5348375,0.52865,0.5020875,0.498875,0.518125,0.534025,0.5414375,0.5284625,0.5243875,0.5351875,0.5464,0.5378320652,0.5929625,0.498875,0.0250811911,0.5348375,12.3701375,-52.425928,-12.351028,2009_2010
0.4905375,0.501975,0.5150125,0.521025,0.5136375,0.52275,0.53395,0.5464875,0.55855,0.5410875,0.532675,0.53035,0.53415,0.539525,0.5240625,0.4633625,0.406625,0.398425,0.404325,0.4550375,0.5062875,0.5170875,0.5149625,0.5031255435,0.55855,0.398425,0.0462578389,0.5170875,11.5718875,-52.423682,-12.351028,2009_2010
0.22105,0.1920375,0.1833625,0.1816625,0.177275,0.1874,0.21395,0.2516,0.2961375,0.3383125,0.372775,0.3906125,0.393425,0.4010875,0.3754,0.338125,0.3094875,0.2925375,0.31625,0.347,0.3433625,0.2940875,0.22905,0.2889559783,0.4010875,0.177275,0.0771133212,0.2961375,6.6459875,-52.457358,-12.353272,2009_2010
0.20135,0.152275,0.136675,0.1518,0.1778125,0.2075625,0.2378625,0.2690875,0.2747,0.304575,0.3378875,0.3340875,0.341175,0.313725,0.2716125,0.2573,0.245525,0.2408,0.2551,0.281075,0.279225,0.2579375,0.2220625,0.2500527174,0.341175,0.136675,0.0587745635,0.2573,5.7512125,-52.455112,-12.353272,2009_2010
0.1905125,0.14575,0.1335125,0.1490625,0.1714,0.1941125,0.2122125,0.2336375,0.24385,0.245825,0.25,0.24345,0.2414125,0.2465375,0.2469375,0.2427375,0.2340875,0.2298375,0.248975,0.2849125,0.293275,0.27285,0.23245,0.225536413,0.293275,0.1335125,0.0427600751,0.2414125,5.1873375,-52.452868,-12.353272,2009_2010
0.17675,0.1401875,0.136,0.1592125,0.185475,0.209725,0.221725,0.2282125,0.2281,0.228675,0.2347625,0.2340125,0.2358625,0.2497625,0.265975,0.267025,0.2586625,0.2459375,0.2395875,0.2628625,0.26915,0.24615,0.2198125,0.2236358696,0.26915,0.136,0.0390577958,0.2340125,5.143625,-52.450623,-12.353272,2009_2010
0.214875,0.187025,0.1846,0.1920625,0.198775,0.2178625,0.2576,0.298625,0.3066625,0.31015,0.2859,0.263275,0.288425,0.3171625,0.32615,0.3356625,0.324975,0.30625,0.3092875,0.3118875,0.3226125,0.3219,0.3039,0.2776358696,0.3356625,0.1846,0.0514525796,0.3039,6.385625,-52.448377,-12.353272,2009_2010
0.3862125,0.38325,0.3890125,0.404125,0.4049125,0.3920625,0.39725,0.3976875,0.3858,0.357475,0.317475,0.283275,0.285825,0.3119625,0.3416125,0.3781375,0.4077125,0.437975,0.451375,0.4555625,0.4629625,0.4627125,0.4806,0.3902163043,0.4806,0.283275,0.0552873676,0.3920625,8.974975,-52.446132,-12.353272,2009_2010
0.477775,0.5038,0.5294375,0.5302125,0.5195375,0.5267875,0.5229875,0.5346125,0.5609,0.5494125,0.5246875,0.489825,0.4842875,0.484875,0.480475,0.500575,0.494575,0.50125,0.540175,0.55065,0.5539875,0.574125,0.586375,0.5226663043,0.586375,0.477775,0.0309676085,0.5246875,12.021325,-52.443888,-12.353272,2009_2010
0.5150625,0.5300125,0.545825,0.5491375,0.5440125,0.5405125,0.5451625,0.564275,0.5805,0.5767,0.5858625,0.578025,0.566625,0.56135,0.5279,0.51895,0.5165,0.519,0.529725,0.520725,0.5200625,0.529775,0.5443,0.5439130435,0.5858625,0.5150625,0.0227643067,0.5440125,12.51,-52.441643,-12.353272,2009_2010
0.4925,0.50955,0.5263125,0.5430375,0.5460125,0.5572125,0.5749,0.595475,0.6711625,0.7108,0.6929375,0.6661375,0.598825,0.547775,0.5394375,0.531875,0.513575,0.5108125,0.5146375,0.519575,0.532625,0.5400875,0.552325,0.5646777174,0.7108,0.4925,0.0625525426,0.5430375,12.9875875,-52.439397,-12.353272,2009_2010
0.4822625,0.49515,0.51625,0.5359375,0.5441125,0.5641,0.583225,0.6001875,0.6412625,0.6658,0.669025,0.6501375,0.62065,0.5842125,0.5523,0.5562375,0.5491625,0.5419875,0.5428875,0.5260625,0.51585,0.5188875,0.5266625,0.56445,0.669025,0.4822625,0.0537222734,0.5491625,12.98235,-52.437153,-12.353272,2009_2010
0.4852625,0.50185,0.52155,0.5391875,0.5456875,0.561325,0.586775,0.60535,0.635825,0.6397875,0.623625,0.6069,0.5683375,0.5337875,0.5134125,0.5120375,0.5221625,0.533925,0.539,0.528325,0.5234,0.52925,0.5362625,0.5518706522,0.6397875,0.4852625,0.0438664978,0.5362625,12.693025,-52.434908,-12.353272,2009_2010
0.499425,0.5142875,0.5324125,0.545475,0.55595,0.5780625,0.596125,0.60925,0.606175,0.5769375,0.5697375,0.55795,0.5394375,0.5307,0.507525,0.507225,0.524725,0.537825,0.5421,0.5294125,0.5248625,0.5350125,0.5498375,0.5465413043,0.60925,0.499425,0.0308446436,0.5394375,12.57045,-52.432662,-12.353272,2009_2010
0.5018375,0.5164,0.5329375,0.5479125,0.558575,0.5780875,0.59525,0.599375,0.5875625,0.5572125,0.5486375,0.5459875,0.53665,0.5270375,0.5043875,0.5064,0.524275,0.53975,0.5465375,0.5326125,0.5298875,0.542725,0.5553125,0.5441456522,0.599375,0.5018375,0.0270003087,0.542725,12.51535,-52.430417,-12.353272,2009_2010
0.5157375,0.53295,0.5501,0.5605375,0.5633125,0.5789875,0.5952375,0.5993125,0.587975,0.5545625,0.548275,0.5494125,0.5395375,0.5315375,0.5052,0.5057875,0.5278375,0.5431,0.550025,0.538775,0.5388875,0.5529,0.563475,0.5492809783,0.5993125,0.5052,0.0251504953,0.5494125,12.6334625,-52.428173,-12.353272,2009_2010
0.5120625,0.5263625,0.54225,0.549925,0.55165,0.5607875,0.55745,0.5572375,0.5519875,0.5229,0.5335125,0.543925,0.5331875,0.5285625,0.5048875,0.501925,0.5205,0.5363125,0.5435625,0.534225,0.5363,0.550275,0.562325,0.5374831522,0.562325,0.501925,0.0171951634,0.5363125,12.3621125,-52.425928,-12.353272,2009_2010
0.4842375,0.4961625,0.50885,0.5133375,0.503825,0.5105625,0.5217625,0.5298375,0.5383625,0.5269375,0.5243375,0.529675,0.5403125,0.5544875,0.543575,0.49445,0.4499375,0.437175,0.4425,0.4805625,0.5191125,0.5254375,0.5171875,0.508375,0.5544875,0.437175,0.0316479951,0.5171875,11.692625,-52.423682,-12.353272,2009_2010
0.239525,0.2212625,0.2177375,0.21085,0.19705,0.2063375,0.233775,0.268225,0.3126875,0.34575,0.3993875,0.4885125,0.5579875,0.5906,0.5383,0.4256375,0.3289125,0.2826875,0.2991375,0.3379375,0.3405,0.3049,0.2558125,0.3305875,0.5906,0.19705,0.1177938575,0.3049,7.6035125,-52.457358,-12.355517,2009_2010
0.20705,0.167075,0.1468875,0.1521875,0.1738375,0.2093625,0.263325,0.3085875,0.342475,0.3922,0.438375,0.4985625,0.5589125,0.560925,0.50125,0.407775,0.3183125,0.2728125,0.292525,0.33095,0.332225,0.301,0.247325,0.3227798913,0.560925,0.1468875,0.1256316842,0.3085875,7.4239375,-52.455112,-12.355517,2009_2010
0.2047375,0.163175,0.14595,0.154425,0.1787625,0.2236,0.2703,0.3029375,0.3492875,0.4122875,0.4693,0.529825,0.5641875,0.5350875,0.46125,0.3789375,0.3003625,0.2591375,0.2787625,0.3144375,0.319075,0.2939625,0.2487125,0.3199347826,0.5641875,0.14595,0.1250780308,0.3003625,7.3585,-52.452868,-12.355517,2009_2010
0.1959625,0.1551125,0.1409375,0.1578,0.1832375,0.224925,0.2606625,0.2787375,0.32845,0.394775,0.4747625,0.5566625,0.5795125,0.5422375,0.45665,0.3633125,0.2936375,0.255875,0.2676125,0.2993,0.305975,0.290575,0.2571625,0.3158206522,0.5795125,0.1409375,0.1295815241,0.290575,7.263875,-52.450623,-12.355517,2009_2010
0.2247,0.1999625,0.1786,0.1847625,0.1983125,0.2089625,0.2438125,0.2819375,0.360625,0.4751375,0.5515625,0.580025,0.5368625,0.4564125,0.361725,0.3129875,0.3006125,0.29405,0.3243625,0.342425,0.358075,0.36275,0.347525,0.3341820652,0.580025,0.1786,0.1189967262,0.3243625,7.6861875,-52.448377,-12.355517,2009_2010
0.426625,0.4482,0.4576375,0.456325,0.4549875,0.4190875,0.417625,0.4281125,0.4753375,0.5372375,0.52305,0.4760625,0.4033875,0.3355375,0.3234875,0.34885,0.3791,0.4167875,0.4635375,0.5025375,0.504575,0.4917625,0.4866875,0.4424581522,0.5372375,0.3234875,0.0575121705,0.4549875,10.1765375,-52.446132,-12.355517,2009_2010
0.49045,0.526025,0.5415125,0.541325,0.5469375,0.559225,0.57795,0.6002125,0.612925,0.591525,0.58005,0.5509875,0.535675,0.526,0.480925,0.48165,0.49285,0.5148125,0.5801625,0.6062,0.6031,0.6163125,0.6168625,0.5553771739,0.6168625,0.480925,0.0447581607,0.5509875,12.773675,-52.443888,-12.355517,2009_2010
0.494075,0.5208625,0.54895,0.5672375,0.5721125,0.5766375,0.5893875,0.619525,0.7017875,0.7414625,0.7224375,0.6841375,0.6132375,0.565925,0.5546,0.55705,0.5440625,0.537475,0.543075,0.539925,0.542,0.5490625,0.557525,0.5844586957,0.7414625,0.494075,0.0663186705,0.557525,13.44255,-52.441643,-12.355517,2009_2010
0.493225,0.5127625,0.5366875,0.554025,0.5602,0.5759875,0.5952,0.613075,0.679775,0.713925,0.6897875,0.6626,0.6062875,0.5596,0.5498375,0.5631,0.5585875,0.5519,0.55935,0.5452375,0.53555,0.544175,0.555725,0.5789826087,0.713925,0.493225,0.0572521704,0.55935,13.3166,-52.439397,-12.355517,2009_2010
0.4934375,0.515325,0.540425,0.557725,0.5605,0.57065,0.595725,0.6162125,0.64965,0.6575,0.6307,0.60155,0.5779,0.5607375,0.5451625,0.5490375,0.5385875,0.529825,0.53535,0.52935,0.5307125,0.54185,0.5558375,0.5645108696,0.6575,0.4934375,0.042611721,0.5558375,12.98375,-52.437153,-12.355517,2009_2010
0.50675,0.5208625,0.539375,0.5559375,0.5571,0.5724,0.60225,0.622775,0.6292,0.6052375,0.573425,0.5411125,0.5208625,0.50925,0.4957625,0.5071,0.5263875,0.5414,0.5466,0.536125,0.5340625,0.5459875,0.56095,0.5500396739,0.6292,0.4957625,0.0368750363,0.5414,12.6509125,-52.434908,-12.355517,2009_2010
0.5058125,0.5236375,0.543825,0.55605,0.5541875,0.5682125,0.5888625,0.602175,0.609675,0.5850625,0.556325,0.5278375,0.5080625,0.4963375,0.4885,0.505875,0.5240625,0.540425,0.548425,0.539,0.53845,0.5486625,0.56245,0.5444309783,0.609675,0.4885,0.0326539302,0.543825,12.5219125,-52.432662,-12.355517,2009_2010
0.4974625,0.513525,0.53265,0.5489125,0.5605625,0.584475,0.6044375,0.61015,0.6002375,0.5673125,0.5565875,0.551425,0.5393125,0.5289,0.50515,0.5080625,0.5279625,0.543275,0.549625,0.5374875,0.5350125,0.54545,0.557475,0.5480630435,0.61015,0.4974625,0.0304328857,0.54545,12.60545,-52.430417,-12.355517,2009_2010
0.514275,0.5313875,0.5494375,0.5602,0.5674875,0.5855,0.6012125,0.6307125,0.6443,0.6110625,0.605525,0.5820375,0.5464875,0.53625,0.5081625,0.502725,0.5210125,0.5396375,0.5507,0.5446375,0.5466875,0.561425,0.5744875,0.5615369565,0.6443,0.502725,0.0381410708,0.5507,12.91535,-52.428173,-12.355517,2009_2010
0.512875,0.5265375,0.54285,0.55535,0.5631125,0.57655,0.575225,0.5714375,0.5653875,0.5353875,0.544325,0.5559875,0.54255,0.5393375,0.518625,0.512425,0.5301875,0.5433125,0.5490625,0.5408625,0.5411,0.5547875,0.564825,0.5461782609,0.57655,0.512425,0.018552917,0.5433125,12.5621,-52.425928,-12.355517,2009_2010
0.4738125,0.4865375,0.4985,0.503075,0.4953875,0.503075,0.5141375,0.527075,0.5406125,0.5321875,0.5329,0.538625,0.548625,0.5572375,0.539925,0.48775,0.4375375,0.4258375,0.434075,0.4671875,0.5019875,0.5194,0.5218,0.5037951087,0.5572375,0.4258375,0.0368259893,0.503075,11.5872875,-52.423682,-12.355517,2009_2010
0.2418,0.21235,0.199525,0.203,0.1942625,0.203775,0.2467625,0.2908125,0.3240875,0.3565875,0.40165,0.470975,0.5278125,0.5650875,0.523875,0.4084875,0.324575,0.2786125,0.28045,0.311175,0.3128875,0.277275,0.2274875,0.321013587,0.5650875,0.1942625,0.1125514391,0.2908125,7.3833125,-52.457358,-12.357762,2009_2010
0.1921125,0.1614125,0.1492875,0.157375,0.1771875,0.2006125,0.241025,0.281025,0.308775,0.3559125,0.406775,0.4609375,0.529275,0.5627125,0.5251125,0.4343,0.335125,0.263075,0.25745,0.2734875,0.2627375,0.2417875,0.2004625,0.3033896739,0.5627125,0.1492875,0.1266768461,0.263075,6.9779625,-52.455112,-12.357762,2009_2010
0.2116375,0.1693125,0.1492875,0.157825,0.1810125,0.215775,0.26565,0.30835,0.3499,0.4231875,0.4915375,0.5464,0.59315,0.57735,0.496325,0.39935,0.30535,0.2426875,0.2454375,0.26365,0.2608125,0.2470875,0.2111375,0.3179222826,0.59315,0.1492875,0.1396604913,0.26365,7.3122125,-52.452868,-12.357762,2009_2010
0.2150125,0.171675,0.1540125,0.1707125,0.1952625,0.235725,0.2961375,0.376725,0.4869625,0.5798375,0.6309875,0.65355,0.6122875,0.523675,0.4117875,0.3169,0.2549125,0.2336875,0.2585,0.260625,0.26765,0.29695,0.3089125,0.3440211957,0.65355,0.1540125,0.1591366258,0.2961375,7.9124875,-52.450623,-12.357762,2009_2010
0.3084375,0.2627875,0.2455125,0.2331,0.2244375,0.235875,0.269625,0.3256,0.435875,0.5599875,0.6363375,0.6772875,0.6497875,0.540675,0.41795,0.333775,0.3077875,0.329875,0.36655,0.38,0.3690625,0.37065,0.3772,0.3851380435,0.6772875,0.2244375,0.1378307468,0.36655,8.858175,-52.448377,-12.357762,2009_2010
0.430025,0.4201875,0.3895625,0.3623625,0.298,0.2691375,0.2946625,0.3482625,0.4238625,0.5034,0.5487875,0.5421,0.5169625,0.46155,0.40535,0.40345,0.4181625,0.4339625,0.469175,0.4975875,0.5292,0.5407375,0.5236875,0.4360945652,0.5487875,0.2691375,0.0833562665,0.430025,10.030175,-52.446132,-12.357762,2009_2010
0.512975,0.5321875,0.520275,0.5321125,0.5484125,0.5229,0.5222,0.54005,0.5415125,0.56245,0.59305,0.5651125,0.5145125,0.46925,0.444825,0.4463,0.45745,0.4869,0.4847625,0.477525,0.4899625,0.4942375,0.5119375,0.5117782609,0.59305,0.444825,0.0387428722,0.5145125,11.7709,-52.443888,-12.357762,2009_2010
0.4797625,0.496475,0.493175,0.509975,0.5359875,0.5335,0.5660875,0.612125,0.6180875,0.6235375,0.6140375,0.539575,0.4710875,0.4375625,0.4309125,0.4624875,0.5035625,0.529175,0.5207,0.50745,0.512975,0.5273375,0.540225,0.5246,0.6235375,0.4309125,0.0541796084,0.5207,12.0658,-52.441643,-12.357762,2009_2010
0.495375,0.5113375,0.5291125,0.5310375,0.527175,0.5297875,0.533075,0.5595,0.5734,0.570225,0.56985,0.5322125,0.4860375,0.4525125,0.4383875,0.477125,0.5319125,0.5589875,0.5529,0.5237875,0.513675,0.5258,0.5390125,0.5244445652,0.5734,0.4383875,0.0354960921,0.5297875,12.062225,-52.439397,-12.357762,2009_2010
0.497775,0.5159625,0.5351,0.5363375,0.526425,0.5246,0.5364125,0.5791,0.6262125,0.6417125,0.628575,0.572875,0.5030375,0.46635,0.4559125,0.4846125,0.5225625,0.5354125,0.535675,0.5262625,0.5281125,0.542425,0.55505,0.5381086957,0.6417125,0.4559125,0.0471065584,0.5351,12.3765,-52.437153,-12.357762,2009_2010
0.5166,0.5335125,0.5487125,0.550575,0.545325,0.56355,0.5931375,0.6142375,0.6149625,0.584675,0.5600375,0.5275375,0.497225,0.4879625,0.470775,0.4907375,0.525625,0.5376625,0.541075,0.53425,0.5364,0.5445375,0.5520375,0.542223913,0.6149625,0.470775,0.036887241,0.541075,12.47115,-52.434908,-12.357762,2009_2010
0.5058625,0.522575,0.5422875,0.55495,0.562425,0.5848125,0.611125,0.6194,0.60795,0.570825,0.530825,0.5072875,0.4972,0.4931125,0.497875,0.5195375,0.5406125,0.5542375,0.5554875,0.5425125,0.540125,0.5499625,0.5625875,0.5466771739,0.6194,0.4931125,0.0360242038,0.5425125,12.573575,-52.432662,-12.357762,2009_2010
0.5033625,0.520975,0.540025,0.5554625,0.5618,0.5819875,0.61,0.6166,0.6042125,0.5682875,0.525775,0.4996625,0.492,0.49005,0.496825,0.5204375,0.540175,0.5525375,0.5541,0.5425,0.5420375,0.5550875,0.5667375,0.5452451087,0.6166,0.49005,0.0365712035,0.5425,12.5406375,-52.430417,-12.357762,2009_2010
0.5112625,0.5257375,0.5429875,0.5548625,0.558825,0.5788125,0.6061625,0.6575,0.689575,0.667475,0.6391,0.572625,0.5231,0.4991125,0.48535,0.5053,0.5224625,0.5406125,0.5454625,0.53485,0.5372,0.5504625,0.5636375,0.5614119565,0.689575,0.48535,0.055372683,0.5454625,12.912475,-52.428173,-12.357762,2009_2010
0.4980875,0.513775,0.52915,0.5416125,0.54865,0.5663875,0.57635,0.5806875,0.5766,0.5594375,0.5526125,0.5350625,0.5206875,0.5015,0.48995,0.50895,0.5272,0.5396375,0.5421875,0.5314625,0.5332,0.5475,0.5588875,0.5382423913,0.5806875,0.48995,0.0253768225,0.5396375,12.379575,-52.425928,-12.357762,2009_2010
0.4307625,0.4426625,0.4563625,0.4761,0.4946,0.5117625,0.5233,0.5415875,0.5433875,0.5487125,0.574425,0.5837375,0.6026,0.595,0.5549625,0.506575,0.4627875,0.447625,0.453125,0.4748,0.49825,0.517075,0.5305875,0.5117733696,0.6026,0.4307625,0.0510887979,0.5117625,11.7707875,-52.423682,-12.357762,2009_2010
0.195375,0.1627625,0.14915,0.15875,0.1786875,0.1993875,0.234875,0.2717375,0.29985,0.348625,0.408075,0.4700625,0.5230875,0.544,0.50615,0.412025,0.3380875,0.2852,0.265875,0.2740875,0.2529625,0.2252125,0.1930875,0.2998744565,0.544,0.14915,0.1229238596,0.2717375,6.8971125,-52.457358,-12.360008,2009_2010
0.191975,0.1617125,0.1492375,0.1593375,0.180575,0.208,0.2546375,0.2983875,0.340975,0.420775,0.493325,0.550475,0.5847,0.553075,0.4708875,0.3696125,0.287475,0.23325,0.2302125,0.2485125,0.2464875,0.2400875,0.2099625,0.3079858696,0.5847,0.1492375,0.1379803749,0.2485125,7.083675,-52.455112,-12.360008,2009_2010
0.22065,0.1744,0.15245,0.1645875,0.1882375,0.2314625,0.2905125,0.3302625,0.3682125,0.4313625,0.5009625,0.5721125,0.598625,0.556825,0.4644,0.38655,0.344575,0.2986375,0.2935625,0.2741625,0.2478125,0.249175,0.22645,0.3289559783,0.598625,0.15245,0.1349238228,0.2935625,7.5659875,-52.452868,-12.360008,2009_2010
0.222125,0.1734625,0.1543875,0.1689125,0.1932625,0.2457625,0.3020875,0.370725,0.50475,0.613225,0.683575,0.7280875,0.676225,0.5680875,0.4425,0.3604625,0.306825,0.2771875,0.2955375,0.27445,0.27,0.304575,0.32325,0.3678027174,0.7280875,0.1543875,0.1763994498,0.304575,8.4594625,-52.450623,-12.360008,2009_2010
0.2224,0.1738375,0.1545125,0.1671125,0.179275,0.20295,0.22735,0.26425,0.3889625,0.540675,0.6736625,0.7670625,0.72165,0.5832875,0.434125,0.3527,0.33645,0.3342875,0.3574625,0.3446625,0.3251125,0.339475,0.3413,0.3666331522,0.7670625,0.1545125,0.1787973658,0.339475,8.4325625,-52.448377,-12.360008,2009_2010
0.2069875,0.1711875,0.1567,0.1696,0.1822625,0.212475,0.2419125,0.2854125,0.3735,0.4741,0.5932125,0.6571125,0.60745,0.4850375,0.339075,0.2855625,0.3146125,0.3723875,0.4483625,0.441625,0.408525,0.3836375,0.332825,0.3540679348,0.6571125,0.1567,0.1458119049,0.339075,8.1435625,-52.446132,-12.360008,2009_2010
0.2405625,0.2086,0.194325,0.2232125,0.2519125,0.285375,0.3222625,0.3404375,0.4017,0.489275,0.5808625,0.6087875,0.53765,0.4194125,0.336425,0.3883625,0.4897125,0.5731375,0.5977,0.5195125,0.43165,0.3693375,0.3078375,0.3964369565,0.6087875,0.194325,0.1330729757,0.3883625,9.11805,-52.443888,-12.360008,2009_2010
0.29255,0.2670625,0.2687375,0.28155,0.319625,0.3499125,0.3901625,0.439,0.498925,0.58015,0.6417625,0.6284625,0.546275,0.432675,0.359025,0.395775,0.4726125,0.5515,0.5743125,0.5266,0.456025,0.379825,0.3273125,0.4339059783,0.6417625,0.2670625,0.1177700797,0.432675,9.9798375,-52.441643,-12.360008,2009_2010
0.33675,0.3265375,0.3163,0.27795,0.2799,0.31005,0.3322125,0.3966875,0.4814875,0.5404375,0.6041,0.6049375,0.52035,0.4212375,0.366375,0.41115,0.486925,0.5639,0.5801375,0.513525,0.4432625,0.3862875,0.3639,0.4288869565,0.6049375,0.27795,0.1062921653,0.41115,9.8644,-52.439397,-12.360008,2009_2010
0.4078625,0.41495,0.3954875,0.3483125,0.3214125,0.3326125,0.368175,0.45285,0.5478625,0.5808375,0.61045,0.580725,0.4977125,0.430825,0.393025,0.44095,0.504275,0.5502375,0.5555875,0.504625,0.4504375,0.4192875,0.4159625,0.4575853261,0.61045,0.3214125,0.0844069171,0.44095,10.5244625,-52.437153,-12.360008,2009_2010
0.446475,0.459625,0.45355,0.45105,0.462875,0.4787625,0.4926875,0.5046375,0.505075,0.4943875,0.5109875,0.4998375,0.467125,0.4276,0.3945,0.435225,0.4816125,0.5190375,0.534325,0.4995625,0.4681375,0.4643125,0.4759375,0.475101087,0.534325,0.3945,0.0325208954,0.4759375,10.927325,-52.434908,-12.360008,2009_2010
0.515925,0.5246,0.5206,0.5174,0.5233125,0.5419125,0.5558875,0.5619125,0.5516,0.5150125,0.495375,0.483975,0.48895,0.5134625,0.5055,0.4937625,0.4813375,0.4737875,0.48915,0.4947875,0.48985,0.4920875,0.5026125,0.5101217391,0.5619125,0.4737875,0.0246591322,0.5055,11.7328,-52.432662,-12.360008,2009_2010
0.5271125,0.5370375,0.5340125,0.5386375,0.504275,0.4764375,0.4950375,0.4971,0.5173375,0.500475,0.453,0.4372375,0.4489625,0.494825,0.50345,0.5047625,0.5046,0.4929625,0.5118,0.5137125,0.513925,0.5314375,0.553325,0.5039766304,0.553325,0.4372375,0.0290283835,0.5046,11.5914625,-52.430417,-12.360008,2009_2010
0.516775,0.5329375,0.535225,0.5414375,0.549125,0.5587875,0.5657375,0.5982,0.624225,0.6102875,0.6137625,0.5658375,0.526875,0.518125,0.50485,0.5295375,0.5337875,0.5333,0.5296,0.5111875,0.513475,0.527125,0.546425,0.5472445652,0.624225,0.50485,0.0343536266,0.5337875,12.586625,-52.428173,-12.360008,2009_2010
0.4944625,0.50675,0.523525,0.5433875,0.5528125,0.5671375,0.5752625,0.575375,0.5746,0.5643125,0.557125,0.5286875,0.5046375,0.48675,0.4795625,0.5046625,0.5241875,0.530475,0.52345,0.508525,0.5116,0.5266,0.538625,0.5305440217,0.575375,0.4795625,0.0290699418,0.5266,12.2025125,-52.425928,-12.360008,2009_2010
0.459675,0.4775625,0.490025,0.4994125,0.494775,0.500525,0.5172375,0.5371625,0.547025,0.556025,0.57635,0.5648875,0.5646625,0.56495,0.5324625,0.500775,0.4668125,0.439325,0.435,0.454675,0.4803375,0.4912625,0.4981625,0.5064820652,0.57635,0.435,0.0422876137,0.4994125,11.6490875,-52.423682,-12.360008,2009_2010
0.1868375,0.1561875,0.143025,0.1484,0.165325,0.182975,0.2154625,0.2511375,0.2802375,0.3352125,0.4176375,0.50165,0.55875,0.5796375,0.5259875,0.410825,0.3243125,0.261625,0.2407875,0.253425,0.2387625,0.21115,0.173075,0.2940184783,0.5796375,0.143025,0.1384625535,0.2511375,6.762425,-52.457358,-12.362253,2009_2010
0.2079875,0.1661625,0.1479625,0.1579625,0.1778625,0.2043375,0.2355375,0.260725,0.3009625,0.3809125,0.4695625,0.5489,0.591,0.562825,0.4822875,0.37395,0.283775,0.22695,0.219375,0.235525,0.2283125,0.2125125,0.1853625,0.2982934783,0.591,0.1479625,0.1400107598,0.235525,6.86075,-52.455112,-12.362253,2009_2010
0.2060875,0.164925,0.1494125,0.162125,0.183675,0.2187125,0.257375,0.2785375,0.3140375,0.38495,0.4811875,0.582775,0.624675,0.58985,0.4935125,0.4624375,0.4689125,0.4160375,0.4040375,0.3217125,0.230775,0.224575,0.203425,0.3401630435,0.624675,0.1494125,0.1508506497,0.3140375,7.82375,-52.452868,-12.362253,2009_2010
0.2188,0.1704125,0.1488375,0.1624,0.1838125,0.2200875,0.2766375,0.348625,0.4822875,0.6128875,0.691025,0.7424,0.7030625,0.593375,0.4599125,0.3739625,0.317175,0.2859,0.3086625,0.2830125,0.27375,0.3067,0.3216,0.3689271739,0.7424,0.1488375,0.1834106503,0.3086625,8.485325,-52.450623,-12.362253,2009_2010
0.2224125,0.175625,0.15545,0.166125,0.1796,0.2029875,0.2499,0.35105,0.52095,0.6757125,0.7857375,0.814825,0.726775,0.5886375,0.4394875,0.3632125,0.3505625,0.35095,0.380025,0.3650125,0.3333625,0.3355375,0.32595,0.3939081522,0.814825,0.15545,0.2005896846,0.35095,9.0598875,-52.448377,-12.362253,2009_2010
0.2051375,0.1711125,0.1554375,0.1652375,0.18185,0.2125125,0.26365,0.3657,0.530275,0.676525,0.774875,0.7806,0.6501375,0.484425,0.3416875,0.2926125,0.330225,0.393675,0.4709125,0.459275,0.4117875,0.3827125,0.3304375,0.3926434783,0.7806,0.1554375,0.1893446427,0.3657,9.0308,-52.446132,-12.362253,2009_2010
0.2268,0.1956375,0.184675,0.2198875,0.2576375,0.2820625,0.3013,0.3468375,0.483325,0.627125,0.7335125,0.7304125,0.5806375,0.417375,0.344475,0.3659625,0.4307,0.5181,0.536125,0.46875,0.38835,0.31295,0.2496125,0.4000978261,0.7335125,0.184675,0.1626336377,0.3659625,9.20225,-52.443888,-12.362253,2009_2010
0.23645,0.20865,0.1963125,0.2267,0.2839625,0.3214875,0.3600625,0.4454875,0.5461,0.6422875,0.726175,0.6747375,0.5266125,0.3921875,0.323225,0.3733625,0.4797875,0.57895,0.5957,0.5055125,0.3877875,0.2890625,0.219875,0.4148032609,0.726175,0.1963125,0.1610300089,0.3877875,9.540475,-52.441643,-12.362253,2009_2010
0.2273625,0.1965125,0.183625,0.1856875,0.2243375,0.2745875,0.3155625,0.390525,0.4724875,0.5635875,0.647925,0.6302875,0.5184875,0.3810875,0.3173875,0.3830875,0.4968375,0.59605,0.6086625,0.5131875,0.3898,0.2834,0.2045,0.3915206522,0.647925,0.183625,0.1567013555,0.3830875,9.004975,-52.439397,-12.362253,2009_2010
0.2327625,0.2029875,0.1925,0.1932875,0.2246,0.2800125,0.3308,0.4305625,0.558925,0.658125,0.720875,0.6780125,0.5414125,0.408725,0.3611625,0.4210625,0.5103625,0.5812875,0.5622375,0.4567875,0.344125,0.2464,0.19835,0.4058853261,0.720875,0.1925,0.1703990477,0.408725,9.3353625,-52.437153,-12.362253,2009_2010
0.287275,0.2541375,0.2315,0.2204625,0.2252375,0.2589625,0.300575,0.370575,0.4818375,0.583875,0.67055,0.6907875,0.5975375,0.471325,0.4107,0.4418375,0.509075,0.5623625,0.528275,0.4237125,0.3313375,0.254775,0.220525,0.4055320652,0.6907875,0.2204625,0.1526458472,0.4107,9.3272375,-52.434908,-12.362253,2009_2010
0.3360375,0.2927375,0.249075,0.2219125,0.2042875,0.206525,0.2282875,0.2990625,0.388425,0.479275,0.5894125,0.639675,0.6608375,0.659725,0.5919,0.5326,0.4819,0.4414125,0.425475,0.404575,0.3689125,0.3356375,0.317025,0.4067266304,0.6608375,0.2042875,0.1500282496,0.388425,9.3547125,-52.432662,-12.362253,2009_2010
0.3575625,0.3063,0.259875,0.22445,0.2007875,0.200675,0.2213125,0.26715,0.319,0.3727125,0.4582875,0.557125,0.6401125,0.67725,0.6180875,0.5497875,0.4909875,0.4266375,0.4229875,0.3995,0.3588,0.35755,0.357725,0.3932461957,0.67725,0.200675,0.1420137093,0.3588,9.0446625,-52.430417,-12.362253,2009_2010
0.390775,0.3977,0.398325,0.349975,0.304125,0.2850625,0.2930625,0.3424875,0.3963,0.43585,0.510425,0.6006125,0.6549125,0.6587125,0.5990125,0.5046125,0.4362,0.3965125,0.3778,0.3883875,0.40045,0.3979,0.39315,0.4309717391,0.6587125,0.2850625,0.1078469088,0.3977,9.91235,-52.428173,-12.362253,2009_2010
0.3822,0.390075,0.4106,0.40775,0.3876875,0.3983875,0.399675,0.4120375,0.4415875,0.4616,0.5098125,0.5727375,0.6244625,0.63445,0.58605,0.5223875,0.4727,0.4251625,0.4173125,0.4336125,0.440125,0.4544625,0.4706875,0.4632853261,0.63445,0.3822,0.0762939055,0.440125,10.6555625,-52.425928,-12.362253,2009_2010
0.3371625,0.3248875,0.30345,0.302825,0.32925,0.3632375,0.38615,0.362125,0.3429375,0.37715,0.47525,0.5865375,0.6491875,0.6655875,0.60985,0.5251125,0.4588125,0.391275,0.3510375,0.337625,0.3305375,0.3278375,0.325475,0.4114478261,0.6655875,0.302825,0.1158549796,0.362125,9.4633,-52.423682,-12.362253,2009_2010
0.1893875,0.15435,0.1372625,0.1437125,0.161775,0.17895,0.2119125,0.2485875,0.27845,0.3345625,0.4184625,0.50805,0.5763375,0.6049125,0.5511375,0.435,0.3476625,0.28105,0.2438125,0.2371,0.21,0.1816875,0.1599,0.2953940217,0.6049125,0.1372625,0.1491046962,0.2438125,6.7940625,-52.457358,-12.364498,2009_2010
0.197025,0.160075,0.140775,0.148775,0.165,0.1889875,0.222125,0.2512125,0.29635,0.3792375,0.481625,0.578475,0.6301375,0.6132625,0.5249,0.4047125,0.312375,0.246825,0.22575,0.225925,0.2096375,0.1934875,0.1744625,0.3030929348,0.6301375,0.140775,0.1583904185,0.225925,6.9711375,-52.455112,-12.364498,2009_2010
0.207175,0.1605,0.14265,0.1521375,0.1716375,0.20515,0.24385,0.2691125,0.3078875,0.3813,0.47715,0.57775,0.6288875,0.6074375,0.519375,0.4816875,0.4759375,0.4147,0.39355,0.3132125,0.2244,0.21945,0.205725,0.3382896739,0.6288875,0.14265,0.1572066447,0.3078875,7.7806625,-52.452868,-12.364498,2009_2010
0.20795,0.1630625,0.1436875,0.1563,0.1767375,0.21145,0.2503625,0.3113625,0.444925,0.574375,0.685525,0.7674125,0.7328,0.6273375,0.4786625,0.3313125,0.228025,0.1976875,0.2249375,0.243075,0.2680375,0.2857375,0.290425,0.3478777174,0.7674125,0.1436875,0.197922029,0.2680375,8.0011875,-52.450623,-12.364498,2009_2010
0.214175,0.168325,0.1483125,0.1580875,0.169675,0.1912,0.232425,0.2950125,0.4280375,0.568575,0.6750375,0.7504875,0.7050875,0.5860875,0.4512125,0.418575,0.4550875,0.463325,0.49685,0.431175,0.341425,0.3306625,0.30835,0.3907472826,0.7504875,0.1483125,0.1829374669,0.418575,8.9871875,-52.448377,-12.364498,2009_2010
0.202375,0.169825,0.156075,0.164625,0.1796125,0.206,0.2471625,0.3475375,0.51645,0.681575,0.7921,0.7861625,0.6766625,0.5217375,0.37845,0.3802875,0.4370125,0.489425,0.5757375,0.5346125,0.445125,0.3979375,0.329575,0.4180896739,0.7921,0.156075,0.198290886,0.3979375,9.6160625,-52.446132,-12.364498,2009_2010
0.22205,0.1870875,0.1743875,0.2073375,0.2447375,0.270325,0.305775,0.3728125,0.514075,0.6792,0.78985,0.767625,0.6165125,0.436575,0.3471875,0.3797,0.455375,0.5494625,0.5654375,0.481525,0.387575,0.3166,0.27,0.4148353261,0.78985,0.1743875,0.1813384769,0.3797,9.5412125,-52.443888,-12.364498,2009_2010
0.232425,0.2052625,0.1938125,0.2253375,0.2819875,0.311225,0.3430125,0.378375,0.450475,0.57665,0.668375,0.6678,0.5562375,0.4074375,0.3396875,0.4083375,0.5242375,0.6160125,0.631375,0.5199375,0.38395,0.2809,0.205225,0.4090467391,0.668375,0.1938125,0.1582185043,0.38395,9.408075,-52.441643,-12.364498,2009_2010
0.21975,0.1902125,0.1815,0.1879375,0.2248875,0.2726875,0.3142375,0.38825,0.4918125,0.6061,0.689525,0.6711875,0.5383375,0.37955,0.3149875,0.38175,0.4964875,0.593525,0.59565,0.4862375,0.3588875,0.2525875,0.1811625,0.3920543478,0.689525,0.1811625,0.1680510724,0.37955,9.01725,-52.439397,-12.364498,2009_2010
0.2260625,0.19735,0.188175,0.1934875,0.227875,0.263475,0.2951375,0.4033125,0.5406,0.65945,0.7505625,0.7072375,0.5591375,0.4280375,0.3735375,0.4594625,0.5855625,0.6446625,0.6183375,0.4725875,0.3143875,0.2264375,0.1777875,0.4135940217,0.7505625,0.1777875,0.1886127733,0.4033125,9.5126625,-52.437153,-12.364498,2009_2010
0.2838625,0.20995,0.1770125,0.1713375,0.1785375,0.195625,0.21385,0.28125,0.3724625,0.4701375,0.60245,0.6683875,0.68825,0.6867,0.6059625,0.5338625,0.4758375,0.4101875,0.3743,0.33185,0.274525,0.2288375,0.1959125,0.3752646739,0.68825,0.1713375,0.1808169882,0.33185,8.6310875,-52.434908,-12.364498,2009_2010
0.27375,0.2037125,0.169625,0.1632125,0.1590625,0.164075,0.1818125,0.211525,0.26485,0.360375,0.4907125,0.623525,0.7245,0.740125,0.6360625,0.5422625,0.47075,0.3952125,0.396625,0.352,0.28215,0.2447125,0.1978375,0.3586293478,0.740125,0.1590625,0.1885684474,0.28215,8.248475,-52.432662,-12.364498,2009_2010
0.2672125,0.195825,0.165425,0.161675,0.1612125,0.1688375,0.185175,0.230225,0.29795,0.4009375,0.5422,0.6610625,0.7448,0.7764,0.6871625,0.563,0.4718,0.37785,0.3447375,0.325325,0.283375,0.2441,0.212475,0.3682070652,0.7764,0.1612125,0.201026654,0.29795,8.4687625,-52.430417,-12.364498,2009_2010
0.267875,0.2035125,0.1848625,0.187325,0.1866375,0.1888875,0.19255,0.2138625,0.2639875,0.3657875,0.5083875,0.6337,0.7236,0.7220625,0.5983875,0.48175,0.3984875,0.3384,0.3491875,0.343525,0.305125,0.2767125,0.2441625,0.355598913,0.7236,0.1848625,0.1743273128,0.305125,8.178775,-52.428173,-12.364498,2009_2010
0.3280625,0.292325,0.269975,0.25755,0.233475,0.223675,0.2312875,0.2539125,0.3072,0.386325,0.4891125,0.580025,0.6382625,0.6478375,0.5697625,0.482675,0.4265,0.3736625,0.3708375,0.3676875,0.353,0.353075,0.3459375,0.3818331522,0.6478375,0.223675,0.1294434121,0.353075,8.7821625,-52.425928,-12.364498,2009_2010
0.353425,0.3403375,0.3327,0.337625,0.347725,0.3689375,0.3852125,0.400625,0.4288875,0.47445,0.5677375,0.6345375,0.6640125,0.6735875,0.589975,0.4878625,0.4207125,0.370125,0.370775,0.3898375,0.402575,0.4038625,0.40345,0.4412597826,0.6735875,0.3327,0.108524668,0.402575,10.148975,-52.423682,-12.364498,2009_2010
0.234525,0.181725,0.162425,0.1546125,0.1547,0.17265,0.2181125,0.2827875,0.3404125,0.3919375,0.437275,0.491525,0.5628125,0.60635,0.57645,0.473425,0.3636625,0.3002125,0.3182375,0.3862125,0.4276125,0.4150625,0.3506875,0.3479744565,0.60635,0.1546125,0.1395906175,0.3506875,8.0034125,-52.457358,-12.366743,2009_2010
0.215425,0.1729625,0.154275,0.1569,0.1668875,0.192,0.2289,0.2733625,0.3368875,0.41695,0.4953375,0.566425,0.6134,0.6135625,0.554825,0.44465,0.3415875,0.2690125,0.2516625,0.271375,0.277425,0.2653125,0.2326875,0.3266005435,0.6135625,0.154275,0.1511388422,0.271375,7.5118125,-52.455112,-12.366743,2009_2010
0.208775,0.1678875,0.1503125,0.153325,0.165625,0.19445,0.2345,0.2799125,0.34115,0.417825,0.5007875,0.5780125,0.6217,0.60035,0.517725,0.4034625,0.30815,0.2556625,0.2370375,0.2332125,0.2244125,0.2163125,0.2102,0.3139472826,0.6217,0.1503125,0.1530512681,0.2370375,7.2207875,-52.452868,-12.366743,2009_2010
0.2,0.16185,0.1416375,0.149325,0.1634,0.1904125,0.230625,0.2914375,0.4222,0.5087375,0.5542,0.622875,0.6060375,0.5649,0.4929375,0.3826875,0.29145,0.253,0.2748,0.275325,0.2760875,0.2876875,0.2882625,0.3317336957,0.622875,0.1416375,0.1550529148,0.2876875,7.629875,-52.450623,-12.366743,2009_2010
0.200325,0.155275,0.1363625,0.1466,0.156275,0.1754,0.2065875,0.2608625,0.393975,0.5462,0.6603375,0.7252125,0.676025,0.5462625,0.417775,0.325425,0.2941875,0.3221625,0.362775,0.3837125,0.3743875,0.3474,0.32025,0.3536423913,0.7252125,0.1363625,0.175520259,0.325425,8.133775,-52.448377,-12.366743,2009_2010
0.189825,0.1540375,0.139125,0.1479125,0.15615,0.1754,0.1933375,0.2343625,0.3583625,0.501475,0.618925,0.68455,0.6374,0.5099,0.3890125,0.3091625,0.284275,0.3348125,0.4037625,0.4383375,0.426625,0.3767375,0.3213875,0.3471684783,0.68455,0.139125,0.1646516202,0.3348125,7.984875,-52.446132,-12.366743,2009_2010
0.2390125,0.2107375,0.1987875,0.221425,0.2645625,0.288175,0.3085125,0.3596875,0.45955,0.577275,0.6589625,0.642875,0.5137125,0.3730375,0.3236,0.3460125,0.4107375,0.50075,0.5017875,0.437925,0.3587875,0.263325,0.2005875,0.3765141304,0.6589625,0.1987875,0.1394648563,0.3587875,8.659825,-52.443888,-12.366743,2009_2010
0.2215875,0.19125,0.1808,0.1877625,0.2246,0.26075,0.2832375,0.3824375,0.5031375,0.5745,0.632375,0.5757,0.4247,0.3185125,0.2962125,0.391525,0.5245125,0.6041875,0.5736,0.427325,0.2797625,0.1963125,0.1661875,0.3661293478,0.632375,0.1661875,0.1579637746,0.3185125,8.420975,-52.441643,-12.366743,2009_2010
0.2217625,0.193175,0.1829875,0.187575,0.2216625,0.2498875,0.2647375,0.37025,0.497025,0.56835,0.6202375,0.553625,0.3989,0.3122125,0.3141875,0.4142625,0.546575,0.6282375,0.604325,0.46645,0.3244,0.2246625,0.1744375,0.371301087,0.6282375,0.1744375,0.1586238197,0.3244,8.539925,-52.439397,-12.366743,2009_2010
0.224575,0.1910875,0.174175,0.176,0.2109125,0.2403125,0.2594875,0.3696625,0.4893375,0.609175,0.7428625,0.7256625,0.6192125,0.529925,0.477325,0.4521,0.466675,0.498725,0.4479875,0.382225,0.313075,0.216475,0.165525,0.3905434783,0.7428625,0.165525,0.1805866658,0.382225,8.9825,-52.437153,-12.366743,2009_2010
0.2588,0.1996375,0.180075,0.1745875,0.1799,0.188,0.1936875,0.259625,0.3509875,0.455675,0.601775,0.6518,0.6432625,0.6242125,0.5302625,0.449225,0.397,0.344375,0.3180875,0.30165,0.26175,0.2144625,0.180425,0.3460548913,0.6518,0.1745875,0.1661981579,0.30165,7.9592625,-52.434908,-12.366743,2009_2010
0.2703375,0.2000125,0.1640125,0.1567375,0.1505125,0.1453375,0.1552125,0.1913375,0.249825,0.3567875,0.502975,0.6325375,0.7288,0.742675,0.6352,0.5391375,0.469625,0.3974125,0.396375,0.3532,0.280275,0.2409375,0.202375,0.3548538043,0.742675,0.1453375,0.1942834777,0.280275,8.1616375,-52.432662,-12.366743,2009_2010
0.2764875,0.206775,0.1740375,0.1701625,0.1642625,0.16635,0.1791125,0.2076625,0.260075,0.3571875,0.495575,0.6301375,0.732175,0.7531875,0.65275,0.5286125,0.42855,0.3464625,0.3412875,0.333575,0.298275,0.26555,0.221425,0.3560728261,0.7531875,0.1642625,0.1881626586,0.298275,8.189675,-52.430417,-12.366743,2009_2010
0.2721,0.206775,0.1782875,0.1768375,0.170525,0.1723875,0.19655,0.23305,0.27945,0.3737625,0.4984,0.616275,0.7186,0.7448,0.6482375,0.530475,0.4375625,0.320825,0.2784625,0.2734875,0.237075,0.2452375,0.2478,0.3503027174,0.7448,0.170525,0.1849337437,0.2734875,8.0569625,-52.428173,-12.366743,2009_2010
0.3588125,0.31485,0.288025,0.2607375,0.2294375,0.2283125,0.2532625,0.3026,0.3721,0.443575,0.5223,0.5953,0.648925,0.6637625,0.6174125,0.5299125,0.4479375,0.4003375,0.3846875,0.3833625,0.3903375,0.3861125,0.367075,0.408225,0.6637625,0.2283125,0.1322095866,0.3846875,9.389175,-52.425928,-12.366743,2009_2010
0.4569375,0.4449625,0.455025,0.4563125,0.4551125,0.4540875,0.4769125,0.5348375,0.5692875,0.6019375,0.6243125,0.6002375,0.602225,0.5906625,0.552875,0.5424875,0.538075,0.5487875,0.5450625,0.5311375,0.5228125,0.5157625,0.5262,0.5280891304,0.6243125,0.4449625,0.0559165628,0.5348375,12.14605,-52.423682,-12.366743,2009_2010
0.280575,0.216525,0.180375,0.1720875,0.170225,0.185625,0.2111125,0.261575,0.3686125,0.4606,0.54165,0.63945,0.6789875,0.6815375,0.617825,0.473225,0.3503,0.3047625,0.3487125,0.424025,0.4716625,0.4588875,0.3918125,0.3865282609,0.6815375,0.170225,0.1669114276,0.3686125,8.89015,-52.457358,-12.368987,2009_2010
0.2832625,0.2187375,0.183025,0.1815625,0.1877875,0.2018375,0.2176875,0.2533375,0.3553625,0.4613375,0.5645125,0.6730375,0.7066625,0.6935875,0.6160875,0.4710125,0.34395,0.2746375,0.3023625,0.3780125,0.4330875,0.449825,0.405775,0.3850646739,0.7066625,0.1815625,0.1714936916,0.3553625,8.8564875,-52.455112,-12.368987,2009_2010
0.221,0.1856625,0.16945,0.1696625,0.1744875,0.1887625,0.2114,0.2417875,0.3371125,0.4091875,0.47455,0.58405,0.60795,0.60885,0.5521125,0.4146875,0.301725,0.254525,0.309525,0.381725,0.411575,0.3964875,0.32885,0.3450054348,0.60885,0.16945,0.1459986629,0.32885,7.935125,-52.452868,-12.368987,2009_2010
0.20915,0.1788375,0.1667,0.16765,0.1708625,0.18465,0.213375,0.2530125,0.3538875,0.4836375,0.5961125,0.6834125,0.66815,0.5807625,0.4747125,0.3628125,0.293425,0.300075,0.35655,0.4151125,0.44565,0.409625,0.3348625,0.361001087,0.6834125,0.1667,0.1628457825,0.3538875,8.303025,-52.450623,-12.368987,2009_2010
0.219475,0.181,0.1683375,0.1705375,0.1730125,0.1851375,0.2000875,0.2213625,0.3202125,0.4530125,0.56775,0.659625,0.66185,0.5853625,0.4860625,0.40155,0.35785,0.3829625,0.468375,0.529675,0.520725,0.451875,0.3483375,0.3788771739,0.66185,0.1683375,0.1657931383,0.3829625,8.714175,-52.448377,-12.368987,2009_2010
0.215275,0.1834625,0.173775,0.1913125,0.2112875,0.2272,0.235675,0.264875,0.376075,0.51125,0.609125,0.6245875,0.5412375,0.4378125,0.38775,0.400725,0.4460375,0.499075,0.52535,0.5336125,0.4981375,0.423225,0.349925,0.3855125,0.6245875,0.173775,0.1459256705,0.400725,8.8667875,-52.446132,-12.368987,2009_2010
0.229875,0.1989125,0.191775,0.2052625,0.2202,0.2303875,0.24915,0.2910125,0.398975,0.5393625,0.6241,0.6249625,0.5421125,0.418475,0.350225,0.4074625,0.4855625,0.5342125,0.5523125,0.4730875,0.3744625,0.3083125,0.244575,0.3780336957,0.6249625,0.191775,0.1454935932,0.3744625,8.694775,-52.443888,-12.368987,2009_2010
0.2232625,0.191475,0.180925,0.1867375,0.223625,0.2584875,0.2777375,0.3761875,0.4885125,0.5731125,0.633625,0.5599,0.4277625,0.315,0.2814875,0.385275,0.5088375,0.60455,0.63055,0.526525,0.38735,0.2809875,0.2039875,0.3793869565,0.633625,0.180925,0.156796326,0.3761875,8.7259,-52.441643,-12.368987,2009_2010
0.2237625,0.1922625,0.1808875,0.184425,0.2185125,0.252825,0.2575,0.341375,0.46355,0.542575,0.629325,0.599,0.457125,0.3608125,0.3383875,0.4255,0.55265,0.630175,0.60475,0.4668875,0.3219125,0.2204,0.1697,0.3754043478,0.630175,0.1697,0.1613858156,0.341375,8.6343,-52.439397,-12.368987,2009_2010
0.225675,0.1893875,0.17295,0.1749625,0.2097625,0.2391625,0.2560125,0.35915,0.4743125,0.5532,0.6463875,0.64135,0.55645,0.5192125,0.4899625,0.4777125,0.510375,0.527775,0.4939125,0.4168125,0.3206125,0.2283625,0.178725,0.3853141304,0.6463875,0.17295,0.162305223,0.4168125,8.862225,-52.437153,-12.368987,2009_2010
0.2366375,0.193425,0.1765,0.1746875,0.1783625,0.18435,0.18935,0.247425,0.3313125,0.4351125,0.5675,0.6171,0.5967125,0.54885,0.4552625,0.42305,0.4471125,0.4428625,0.4409375,0.383075,0.285575,0.216925,0.169975,0.3453086957,0.6171,0.169975,0.1531012774,0.3313125,7.9421,-52.434908,-12.368987,2009_2010
0.3827125,0.3403125,0.3082625,0.27655,0.2480875,0.2368625,0.2568625,0.3059375,0.365675,0.43825,0.522625,0.59765,0.65685,0.668425,0.6177625,0.5171125,0.4202125,0.3777625,0.3682,0.3803625,0.4025125,0.4013375,0.383425,0.4119021739,0.668425,0.2368625,0.1282349477,0.3827125,9.47375,-52.425928,-12.368987,2009_2010
0.4899125,0.4899125,0.505975,0.5151625,0.5109625,0.4970125,0.496625,0.53045,0.564975,0.5968875,0.6214375,0.60465,0.6022375,0.5967875,0.57255,0.5651375,0.558225,0.5620875,0.5596875,0.5556375,0.55635,0.5523875,0.5562625,0.5504918478,0.6214375,0.4899125,0.0396133168,0.55635,12.6613125,-52.423682,-12.368987,2009_2010
0.2495625,0.1979875,0.17405,0.174475,0.1768625,0.1923625,0.2129125,0.2572375,0.375325,0.4885,0.598375,0.7111,0.7372,0.7200125,0.6334,0.48165,0.375875,0.349775,0.411975,0.4980875,0.5301375,0.5008125,0.4224625,0.4117451087,0.7372,0.17405,0.1874194204,0.411975,9.4701375,-52.457358,-12.371232,2009_2010
0.226525,0.18995,0.174575,0.1752375,0.174525,0.192175,0.2182125,0.2636625,0.38275,0.51785,0.635175,0.734575,0.7622375,0.718075,0.613,0.474325,0.363375,0.32345,0.379925,0.467275,0.505,0.489075,0.4185125,0.4086722826,0.7622375,0.174525,0.1925464899,0.38275,9.3994625,-52.455112,-12.371232,2009_2010
0.230625,0.1849375,0.169975,0.1631625,0.1609875,0.1795,0.2084,0.2428375,0.343125,0.3965625,0.4393875,0.5590375,0.6034375,0.6275625,0.5886875,0.4499375,0.3380375,0.301575,0.3676375,0.4584875,0.5075375,0.5018625,0.4328,0.3676565217,0.6275625,0.1609875,0.155126193,0.3676375,8.4561,-52.452868,-12.371232,2009_2010
0.22345,0.1777375,0.165625,0.1659125,0.166725,0.178325,0.2068,0.2515375,0.35705,0.4173875,0.4613375,0.5658625,0.5923125,0.598375,0.549075,0.4153875,0.352175,0.382,0.477225,0.572925,0.589225,0.539425,0.45185,0.3851184783,0.598375,0.165625,0.1619144453,0.4153875,8.857725,-52.450623,-12.371232,2009_2010
0.222225,0.1800125,0.1679875,0.1670125,0.1684625,0.1719625,0.19235,0.2365375,0.3445,0.4847125,0.616525,0.7320875,0.7515625,0.6777875,0.5445,0.40485,0.348925,0.3865125,0.4810375,0.5569,0.5806125,0.540875,0.446325,0.4088809783,0.7515625,0.1670125,0.1953344455,0.40485,9.4042625,-52.448377,-12.371232,2009_2010
0.2033875,0.1766,0.1656375,0.1797,0.1943875,0.198725,0.2195125,0.264225,0.3726125,0.5171875,0.65385,0.7549125,0.76215,0.686675,0.54875,0.409575,0.3303,0.3208875,0.394175,0.45965,0.4601875,0.4305375,0.35605,0.393898913,0.76215,0.1656375,0.1890886282,0.3726125,9.059675,-52.446132,-12.371232,2009_2010
0.20935,0.180925,0.1685,0.1818625,0.2026125,0.211225,0.2331375,0.2842375,0.3904625,0.531125,0.6656375,0.760575,0.7615625,0.680725,0.5405625,0.401775,0.3215375,0.3033875,0.344225,0.3673875,0.3404375,0.29355,0.2359375,0.3743798913,0.7615625,0.1685,0.1900813513,0.3215375,8.6107375,-52.443888,-12.371232,2009_2010
0.208275,0.1800125,0.1719375,0.1709625,0.177125,0.1937125,0.21405,0.289725,0.4229375,0.557425,0.70125,0.7922875,0.7824625,0.7065625,0.5542875,0.40665,0.33365,0.327025,0.3756375,0.39655,0.351225,0.2811375,0.2141375,0.383001087,0.7922875,0.1709625,0.2042041473,0.33365,8.809025,-52.441643,-12.371232,2009_2010
0.2085375,0.18215,0.1758625,0.1726875,0.1775,0.1947625,0.21435,0.289125,0.416375,0.5543,0.704375,0.782425,0.7598125,0.6784875,0.5557875,0.449075,0.394525,0.3926625,0.3941375,0.3706875,0.3168875,0.24035,0.1855625,0.3830619565,0.782425,0.1726875,0.2015664866,0.3706875,8.810425,-52.439397,-12.371232,2009_2010
0.2165375,0.1753,0.168575,0.1671,0.1741125,0.1917625,0.2102625,0.285025,0.412125,0.547125,0.680125,0.748825,0.7238375,0.6504125,0.5567125,0.465275,0.4170375,0.4104125,0.4036875,0.3733125,0.31465,0.2407125,0.1853875,0.3790570652,0.748825,0.1671,0.1934902849,0.3733125,8.7183125,-52.437153,-12.371232,2009_2010
0.234025,0.1782,0.1590625,0.15345,0.15505,0.1601875,0.1732625,0.2269625,0.3083,0.43205,0.5851125,0.652525,0.656175,0.6064875,0.4777,0.4049875,0.38275,0.37355,0.4064625,0.398825,0.3445875,0.271625,0.2024625,0.3453826087,0.656175,0.15345,0.1661381287,0.3445875,7.9438,-52.434908,-12.371232,2009_2010
